ds,y,quarter,month,monthly_avg_sales,is_holiday_spike
2014-01-03,16.448000000000004,1,1,249.14655013123362,0
2014-01-04,288.05999999999995,1,1,249.14655013123362,0
2014-01-05,19.536,1,1,249.14655013123362,0
2014-01-06,4407.099999999999,1,1,249.14655013123362,0
2014-01-07,87.158,1,1,249.14655013123362,0
2014-01-09,40.544,1,1,249.14655013123362,0
2014-01-10,54.83,1,1,249.14655013123362,0
2014-01-11,9.940000000000001,1,1,249.14655013123362,0
2014-01-13,3553.795,1,1,249.14655013123362,0
2014-01-14,61.95999999999999,1,1,249.14655013123362,0
2014-01-15,149.95,1,1,249.14655013123362,0
2014-01-16,299.96399999999994,1,1,249.14655013123362,0
2014-01-18,64.86400000000002,1,1,249.14655013123362,0
2014-01-19,378.594,1,1,249.14655013123362,0
2014-01-20,2673.869999999999,1,1,249.14655013123362,0
2014-01-21,25.248000000000005,1,1,249.14655013123362,0
2014-01-23,46.02000000000001,1,1,249.14655013123362,0
2014-01-26,1097.2499999999998,1,1,249.14655013123362,0
2014-01-27,426.6700000000001,1,1,249.14655013123362,0
2014-01-28,3.9279999999999995,1,1,249.14655013123362,0
2014-01-30,240.50000000000009,1,1,249.14655013123362,0
2014-01-31,290.66599999999994,1,1,249.14655013123362,0
2014-02-01,468.90000000000003,1,2,199.170838,0
2014-02-02,211.64600000000007,1,2,199.170838,0
2014-02-03,97.11200000000002,1,2,199.170838,0
2014-02-04,134.384,1,2,199.170838,0
2014-02-06,330.51199999999983,1,2,199.170838,0
2014-02-07,180.32000000000005,1,2,199.170838,0
2014-02-08,14.560000000000004,1,2,199.170838,0
2014-02-11,2043.3999999999994,1,2,199.170838,0
2014-02-12,129.56799999999998,1,2,199.170838,0
2014-02-14,576.7260000000001,1,2,199.170838,0
2014-02-15,21.360000000000003,1,2,199.170838,0
2014-02-16,9.039999999999997,1,2,199.170838,0
2014-02-17,54.20800000000001,1,2,199.170838,0
2014-02-18,37.784000000000006,1,2,199.170838,0
2014-02-20,95.59,1,2,199.170838,0
2014-02-21,8.850000000000001,1,2,199.170838,0
2014-02-22,19.440000000000005,1,2,199.170838,0
2014-02-23,11.364000000000003,1,2,199.170838,0
2014-02-24,55.672000000000004,1,2,199.170838,0
2014-02-27,19.456000000000003,1,2,199.170838,0
2014-03-01,2203.1510000000003,1,3,294.548116091954,0
2014-03-02,202.38400000000001,1,3,294.548116091954,0
2014-03-03,1345.8919999999994,1,3,294.548116091954,0
2014-03-04,370.4519999999998,1,3,294.548116091954,0
2014-03-05,705.562,1,3,294.548116091954,0
2014-03-07,1561.062,1,3,294.548116091954,0
2014-03-10,741.9560000000001,1,3,294.548116091954,0
2014-03-11,918.3140000000001,1,3,294.548116091954,0
2014-03-14,2108.550000000001,1,3,294.548116091954,0
2014-03-15,370.782,1,3,294.548116091954,0
2014-03-16,471.9200000000002,1,3,294.548116091954,0
2014-03-17,3960.358,1,3,294.548116091954,0
2014-03-18,28106.716000000008,1,3,294.548116091954,0
2014-03-19,590.7619999999998,1,3,294.548116091954,0
2014-03-21,4109.815999999999,1,3,294.548116091954,0
2014-03-22,464.0930000000001,1,3,294.548116091954,0
2014-03-23,945.0640000000003,1,3,294.548116091954,0
2014-03-24,65.38,1,3,294.548116091954,0
2014-03-25,459.1460000000002,1,3,294.548116091954,0
2014-03-26,145.13000000000005,1,3,294.548116091954,0
2014-03-28,1823.8039999999999,1,3,294.548116091954,0
2014-03-29,890.8409999999997,1,3,294.548116091954,0
2014-03-30,1170.3220000000006,1,3,294.548116091954,0
2014-03-31,1959.5519999999992,1,3,294.548116091954,0
2014-04-01,119.888,2,4,206.11807586206896,0
2014-04-02,1458.5580000000002,2,4,206.11807586206896,0
2014-04-03,233.45000000000007,2,4,206.11807586206896,0
2014-04-04,475.84399999999994,2,4,206.11807586206896,0
2014-04-05,5295.098,2,4,206.11807586206896,0
2014-04-06,1650.6899999999994,2,4,206.11807586206896,0
2014-04-07,1021.17,2,4,206.11807586206896,0
2014-04-08,1958.7499999999993,2,4,206.11807586206896,0
2014-04-11,1915.2400000000007,2,4,206.11807586206896,0
2014-04-12,1912.1230000000007,2,4,206.11807586206896,0
2014-04-13,638.5760000000001,2,4,206.11807586206896,0
2014-04-15,294.72,2,4,206.11807586206896,0
2014-04-16,39.071999999999996,2,4,206.11807586206896,0
2014-04-18,1020.5320000000002,2,4,206.11807586206896,0
2014-04-19,205.47000000000008,2,4,206.11807586206896,0
2014-04-20,1250.4500000000005,2,4,206.11807586206896,0
2014-04-21,845.36,2,4,206.11807586206896,0
2014-04-22,257.752,2,4,206.11807586206896,0
2014-04-23,362.60800000000006,2,4,206.11807586206896,0
2014-04-25,2379.9939999999992,2,4,206.11807586206896,0
2014-04-26,282.5679999999999,2,4,206.11807586206896,0
2014-04-28,2578.476000000001,2,4,206.11807586206896,0
2014-04-29,768.844,2,4,206.11807586206896,0
2014-04-30,1048.7399999999998,2,4,206.11807586206896,0
2014-05-02,506.1199999999999,2,5,210.92355333333333,0
2014-05-03,72.63199999999999,2,5,210.92355333333333,0
2014-05-04,187.43200000000002,2,5,210.92355333333333,0
2014-05-05,260.977,2,5,210.92355333333333,0
2014-05-06,254.45600000000005,2,5,210.92355333333333,0
2014-05-07,1091.3500000000001,2,5,210.92355333333333,0
2014-05-08,1799.9699999999996,2,5,210.92355333333333,0
2014-05-09,394.4799999999999,2,5,210.92355333333333,0
2014-05-10,2343.799,2,5,210.92355333333333,0
2014-05-11,1642.802,2,5,210.92355333333333,0
2014-05-12,734.846,2,5,210.92355333333333,0
2014-05-13,898.3820000000001,2,5,210.92355333333333,0
2014-05-14,310.8800000000001,2,5,210.92355333333333,0
2014-05-16,289.27999999999986,2,5,210.92355333333333,0
2014-05-17,91.67999999999998,2,5,210.92355333333333,0
2014-05-18,948.9480000000004,2,5,210.92355333333333,0
2014-05-19,91.62000000000003,2,5,210.92355333333333,0
2014-05-20,320.1039999999999,2,5,210.92355333333333,0
2014-05-21,4264.327999999998,2,5,210.92355333333333,0
2014-05-22,180.93,2,5,210.92355333333333,0
2014-05-23,323.758,2,5,210.92355333333333,0
2014-05-24,116.27999999999997,2,5,210.92355333333333,0
2014-05-25,119.53999999999994,2,5,210.92355333333333,0
2014-05-26,1325.7180000000003,2,5,210.92355333333333,0
2014-05-27,2157.3940000000002,2,5,210.92355333333333,0
2014-05-28,221.96799999999996,2,5,210.92355333333333,0
2014-05-30,1924.913,2,5,210.92355333333333,0
2014-05-31,773.6999999999998,2,5,210.92355333333333,0
2014-06-01,5188.519999999999,2,6,212.9967633193863,0
2014-06-02,738.5980000000002,2,6,212.9967633193863,0
2014-06-03,741.3359999999998,2,6,212.9967633193863,0
2014-06-04,456.27200000000005,2,6,212.9967633193863,0
2014-06-06,1374.0010000000007,2,6,212.9967633193863,0
2014-06-07,281.39700000000005,2,6,212.9967633193863,0
2014-06-08,2501.263999999999,2,6,212.9967633193863,0
2014-06-09,5463.007999999999,2,6,212.9967633193863,0
2014-06-10,491.54999999999995,2,6,212.9967633193863,0
2014-06-13,14.52,2,6,212.9967633193863,0
2014-06-14,212.93999999999994,2,6,212.9967633193863,0
2014-06-15,942.9739999999998,2,6,212.9967633193863,0
2014-06-16,763.7920000000004,2,6,212.9967633193863,0
2014-06-17,3418.5020000000018,2,6,212.9967633193863,0
2014-06-18,139.79999999999995,2,6,212.9967633193863,0
2014-06-20,1828.9496000000006,2,6,212.9967633193863,0
2014-06-21,4107.443000000001,2,6,212.9967633193863,0
2014-06-22,1975.4979999999996,2,6,212.9967633193863,0
2014-06-23,109.49600000000004,2,6,212.9967633193863,0
2014-06-24,4.272,2,6,212.9967633193863,0
2014-06-25,792.7600000000002,2,6,212.9967633193863,0
2014-06-27,616.1400000000001,2,6,212.9967633193863,0
2014-06-28,1645.791,2,6,212.9967633193863,0
2014-06-29,46.68000000000001,2,6,212.9967633193863,0
2014-06-30,739.6240000000004,2,6,212.9967633193863,0
2014-07-01,601.0239999999997,3,7,207.37760140845072,0
2014-07-02,79.56000000000002,3,7,207.37760140845072,0
2014-07-04,247.40800000000007,3,7,207.37760140845072,0
2014-07-05,1444.1040000000003,3,7,207.37760140845072,0
2014-07-06,1038.4719999999998,3,7,207.37760140845072,0
2014-07-07,241.19400000000007,3,7,207.37760140845072,0
2014-07-08,763.0740000000001,3,7,207.37760140845072,0
2014-07-09,265.521,3,7,207.37760140845072,0
2014-07-11,2187.206000000001,3,7,207.37760140845072,0
2014-07-12,1960.0119999999997,3,7,207.37760140845072,0
2014-07-13,351.216,3,7,207.37760140845072,0
2014-07-14,292.59399999999994,3,7,207.37760140845072,0
2014-07-15,9.509999999999998,3,7,207.37760140845072,0
2014-07-18,273.0400000000001,3,7,207.37760140845072,0
2014-07-19,461.32599999999985,3,7,207.37760140845072,0
2014-07-20,2285.7859999999996,3,7,207.37760140845072,0
2014-07-21,1961.481999999999,3,7,207.37760140845072,0
2014-07-22,1348.3439999999998,3,7,207.37760140845072,0
2014-07-23,2613.1839999999993,3,7,207.37760140845072,0
2014-07-25,8341.289999999997,3,7,207.37760140845072,0
2014-07-26,5039.994000000002,3,7,207.37760140845072,0
2014-07-27,580.0599999999997,3,7,207.37760140845072,0
2014-07-28,193.15199999999993,3,7,207.37760140845072,0
2014-07-30,1367.8399999999992,3,7,207.37760140845072,0
2014-08-01,228.32799999999997,3,8,225.27487677053824,0
2014-08-02,886.28,3,8,225.27487677053824,0
2014-08-03,477.994,3,8,225.27487677053824,0
2014-08-04,2743.1540000000014,3,8,225.27487677053824,0
2014-08-05,2408.7240000000006,3,8,225.27487677053824,0
2014-08-06,262.89,3,8,225.27487677053824,0
2014-08-08,3955.629000000002,3,8,225.27487677053824,0
2014-08-09,3605.685000000002,3,8,225.27487677053824,0
2014-08-11,451.61999999999983,3,8,225.27487677053824,0
2014-08-12,1832.3799999999994,3,8,225.27487677053824,0
2014-08-15,842.7819999999997,3,8,225.27487677053824,0
2014-08-16,853.0919999999998,3,8,225.27487677053824,0
2014-08-17,500.34199999999987,3,8,225.27487677053824,0
2014-08-19,1439.1060000000002,3,8,225.27487677053824,0
2014-08-20,1838.7219999999995,3,8,225.27487677053824,0
2014-08-22,23.104000000000003,3,8,225.27487677053824,0
2014-08-23,565.224,3,8,225.27487677053824,0
2014-08-24,59.74000000000003,3,8,225.27487677053824,0
2014-08-25,1451.6499999999994,3,8,225.27487677053824,0
2014-08-26,366.8100000000002,3,8,225.27487677053824,0
2014-08-27,2070.13,3,8,225.27487677053824,0
2014-08-29,832.3224999999998,3,8,225.27487677053824,0
2014-08-30,121.24000000000001,3,8,225.27487677053824,0
2014-08-31,92.52000000000004,3,8,225.27487677053824,0
2014-09-01,469.43599999999986,3,9,222.45115379609544,0
2014-09-02,3254.149999999998,3,9,222.45115379609544,0
2014-09-03,22.08,3,9,222.45115379609544,0
2014-09-05,296.304,3,9,222.45115379609544,0
2014-09-06,100.36000000000003,3,9,222.45115379609544,0
2014-09-07,3523.875,3,9,222.45115379609544,0
2014-09-08,14228.42800000001,3,9,222.45115379609544,0
2014-09-09,4043.5879999999975,3,9,222.45115379609544,0
2014-09-10,1855.2280000000005,3,9,222.45115379609544,0
2014-09-11,127.95000000000003,3,9,222.45115379609544,0
2014-09-12,4904.660000000002,3,9,222.45115379609544,0
2014-09-13,1275.408,3,9,222.45115379609544,0
2014-09-14,5023.7159999999985,3,9,222.45115379609544,0
2014-09-15,133.43599999999998,3,9,222.45115379609544,0
2014-09-16,33.552,3,9,222.45115379609544,0
2014-09-17,820.5229999999999,3,9,222.45115379609544,0
2014-09-19,9338.636999999999,3,9,222.45115379609544,0
2014-09-20,5335.968000000001,3,9,222.45115379609544,0
2014-09-21,2679.652000000001,3,9,222.45115379609544,0
2014-09-22,1240.2660000000005,3,9,222.45115379609544,0
2014-09-23,10662.337,3,9,222.45115379609544,0
2014-09-24,211.96000000000006,3,9,222.45115379609544,0
2014-09-25,354.8888000000002,3,9,222.45115379609544,0
2014-09-26,1480.6140000000005,3,9,222.45115379609544,0
2014-09-27,773.4399999999998,3,9,222.45115379609544,0
2014-09-28,490.29199999999986,3,9,222.45115379609544,0
2014-09-29,8109.070000000006,3,9,222.45115379609544,0
2014-09-30,987.5320000000002,3,9,222.45115379609544,0
2014-10-01,4.709999999999999,4,10,244.59460891330892,0
2014-10-02,598.1440000000001,4,10,244.59460891330892,0
2014-10-03,862.6829999999998,4,10,244.59460891330892,0
2014-10-04,728.7479999999999,4,10,244.59460891330892,0
2014-10-05,191.89999999999998,4,10,244.59460891330892,0
2014-10-06,494.7099999999998,4,10,244.59460891330892,0
2014-10-07,237.36000000000004,4,10,244.59460891330892,0
2014-10-08,147.39200000000005,4,10,244.59460891330892,0
2014-10-09,249.35999999999996,4,10,244.59460891330892,0
2014-10-10,2049.386000000001,4,10,244.59460891330892,0
2014-10-11,1381.1639999999993,4,10,244.59460891330892,0
2014-10-12,58.53,4,10,244.59460891330892,0
2014-10-13,2212.182,4,10,244.59460891330892,0
2014-10-14,4525.484000000003,4,10,244.59460891330892,0
2014-10-15,206.72399999999993,4,10,244.59460891330892,0
2014-10-16,194.32200000000006,4,10,244.59460891330892,0
2014-10-17,136.06799999999996,4,10,244.59460891330892,0
2014-10-18,3134.9159999999983,4,10,244.59460891330892,0
2014-10-19,641.104,4,10,244.59460891330892,0
2014-10-20,1501.1039999999994,4,10,244.59460891330892,0
2014-10-21,1356.602,4,10,244.59460891330892,0
2014-10-22,223.80800000000008,4,10,244.59460891330892,0
2014-10-24,56.49,4,10,244.59460891330892,0
2014-10-25,103.882,4,10,244.59460891330892,0
2014-10-26,447.8800000000001,4,10,244.59460891330892,0
2014-10-27,22.32,4,10,244.59460891330892,0
2014-10-28,1510.5819999999994,4,10,244.59460891330892,0
2014-10-29,2813.8120000000013,4,10,244.59460891330892,0
2014-10-31,5362.026,4,10,244.59460891330892,0
2014-11-01,4732.08,4,11,239.60643847722636,1
2014-11-02,2126.3700000000003,4,11,239.60643847722636,1
2014-11-03,2784.1630000000005,4,11,239.60643847722636,1
2014-11-04,6693.748,4,11,239.60643847722636,1
2014-11-05,1694.5639999999999,4,11,239.60643847722636,1
2014-11-06,43.68,4,11,239.60643847722636,1
2014-11-07,1449.1419999999998,4,11,239.60643847722636,1
2014-11-08,333.57600000000014,4,11,239.60643847722636,1
2014-11-09,1574.0939999999994,4,11,239.60643847722636,1
2014-11-10,2002.556,4,11,239.60643847722636,1
2014-11-11,8114.5479999999925,4,11,239.60643847722636,1
2014-11-12,1054.7612000000001,4,11,239.60643847722636,1
2014-11-14,1034.7299999999998,4,11,239.60643847722636,1
2014-11-15,1780.8220000000006,4,11,239.60643847722636,1
2014-11-16,1355.9285,4,11,239.60643847722636,1
2014-11-17,11544.27399999999,4,11,239.60643847722636,1
2014-11-18,3406.8549999999977,4,11,239.60643847722636,1
2014-11-19,7226.085999999997,4,11,239.60643847722636,1
2014-11-20,907.56,4,11,239.60643847722636,1
2014-11-21,1249.6219999999998,4,11,239.60643847722636,1
2014-11-22,1103.2980000000005,4,11,239.60643847722636,1
2014-11-23,1363.2800000000007,4,11,239.60643847722636,1
2014-11-24,5578.605999999998,4,11,239.60643847722636,1
2014-11-25,4415.695000000002,4,11,239.60643847722636,1
2014-11-26,1705.9900000000002,4,11,239.60643847722636,1
2014-11-27,203.6599999999999,4,11,239.60643847722636,1
2014-11-28,2280.8299999999995,4,11,239.60643847722636,1
2014-11-29,649.0440000000002,4,11,239.60643847722636,1
2014-11-30,219.1540000000001,4,11,239.60643847722636,1
2014-12-01,5624.39,4,12,231.03231782670454,1
2014-12-02,1771.8080000000004,4,12,231.03231782670454,1
2014-12-03,505.8800000000001,4,12,231.03231782670454,1
2014-12-04,129.97999999999996,4,12,231.03231782670454,1
2014-12-05,2963.6420000000007,4,12,231.03231782670454,1
2014-12-06,1970.9780000000005,4,12,231.03231782670454,1
2014-12-07,548.3999999999999,4,12,231.03231782670454,1
2014-12-08,1095.12,4,12,231.03231782670454,1
2014-12-09,1522.6520000000005,4,12,231.03231782670454,1
2014-12-10,573.336,4,12,231.03231782670454,1
2014-12-12,4938.404499999998,4,12,231.03231782670454,1
2014-12-13,293.152,4,12,231.03231782670454,1
2014-12-14,7641.658000000001,4,12,231.03231782670454,1
2014-12-15,1264.4660000000001,4,12,231.03231782670454,1
2014-12-16,4394.187000000003,4,12,231.03231782670454,1
2014-12-17,45.534000000000006,4,12,231.03231782670454,1
2014-12-19,3436.7599999999993,4,12,231.03231782670454,1
2014-12-20,6962.439999999995,4,12,231.03231782670454,1
2014-12-21,1933.4399999999994,4,12,231.03231782670454,1
2014-12-22,798.9680000000003,4,12,231.03231782670454,1
2014-12-23,942.1079999999997,4,12,231.03231782670454,1
2014-12-24,1950.2020000000005,4,12,231.03231782670454,1
2014-12-26,2041.414,4,12,231.03231782670454,1
2014-12-27,2966.3879999999986,4,12,231.03231782670454,1
2014-12-28,3732.2959999999985,4,12,231.03231782670454,1
2014-12-29,2072.095999999999,4,12,231.03231782670454,1
2014-12-30,2172.6510000000003,4,12,231.03231782670454,1
2014-12-31,5253.269999999996,4,12,231.03231782670454,1
2015-01-02,1932.0959999999998,1,1,249.14655013123362,0
2015-01-03,1768.2216000000008,1,1,249.14655013123362,0
2015-01-04,264.46,1,1,249.14655013123362,0
2015-01-05,295.2719999999999,1,1,249.14655013123362,0
2015-01-06,31.538000000000004,1,1,249.14655013123362,0
2015-01-09,364.07000000000016,1,1,249.14655013123362,0
2015-01-10,1018.1039999999999,1,1,249.14655013123362,0
2015-01-12,854.6139999999997,1,1,249.14655013123362,0
2015-01-13,622.2780000000001,1,1,249.14655013123362,0
2015-01-17,350.3840000000001,1,1,249.14655013123362,0
2015-01-19,301.742,1,1,249.14655013123362,0
2015-01-23,43.660000000000004,1,1,249.14655013123362,0
2015-01-24,13.12,1,1,249.14655013123362,0
2015-01-26,182.72000000000006,1,1,249.14655013123362,0
2015-01-27,3573.2519999999986,1,1,249.14655013123362,0
2015-01-28,4297.644000000002,1,1,249.14655013123362,0
2015-01-30,2161.6400000000003,1,1,249.14655013123362,0
2015-01-31,99.26000000000005,1,1,249.14655013123362,0
2015-02-03,492.83599999999996,1,2,199.170838,0
2015-02-06,2432.543999999999,1,2,199.170838,0
2015-02-07,324.11,1,2,199.170838,0
2015-02-08,129.09199999999996,1,2,199.170838,0
2015-02-09,785.5520000000001,1,2,199.170838,0
2015-02-10,77.24000000000002,1,2,199.170838,0
2015-02-14,1079.9619999999995,1,2,199.170838,0
2015-02-15,1602.3799999999997,1,2,199.170838,0
2015-02-16,160.42999999999995,1,2,199.170838,0
2015-02-18,105.84399999999995,1,2,199.170838,0
2015-02-20,316.7799999999999,1,2,199.170838,0
2015-02-21,2591.1000000000004,1,2,199.170838,0
2015-02-22,79.36000000000001,1,2,199.170838,0
2015-02-23,37.776,1,2,199.170838,0
2015-02-25,25.869999999999997,1,2,199.170838,0
2015-02-27,1159.2710000000006,1,2,199.170838,0
2015-02-28,551.264,1,2,199.170838,0
2015-03-01,1642.1743999999999,1,3,294.548116091954,0
2015-03-02,899.5700000000003,1,3,294.548116091954,0
2015-03-05,1969.2670000000005,1,3,294.548116091954,0
2015-03-06,1555.2439999999995,1,3,294.548116091954,0
2015-03-07,807.5400000000003,1,3,294.548116091954,0
2015-03-08,2563.2960000000003,1,3,294.548116091954,0
2015-03-09,478.008,1,3,294.548116091954,0
2015-03-10,90.93199999999997,1,3,294.548116091954,0
2015-03-12,51.016000000000005,1,3,294.548116091954,0
2015-03-13,1384.8560000000002,1,3,294.548116091954,0
2015-03-14,707.9,1,3,294.548116091954,0
2015-03-15,16.776,1,3,294.548116091954,0
2015-03-16,7230.210000000002,1,3,294.548116091954,0
2015-03-17,48.84000000000001,1,3,294.548116091954,0
2015-03-19,5652.939600000002,1,3,294.548116091954,0
2015-03-20,1548.1939999999997,1,3,294.548116091954,0
2015-03-21,1270.3790000000001,1,3,294.548116091954,0
2015-03-22,2481.4240000000004,1,3,294.548116091954,0
2015-03-23,633.3019999999998,1,3,294.548116091954,0
2015-03-24,412.9499999999999,1,3,294.548116091954,0
2015-03-26,4623.37,1,3,294.548116091954,0
2015-03-27,83.70000000000002,1,3,294.548116091954,0
2015-03-28,243.34399999999997,1,3,294.548116091954,0
2015-03-29,1559.0799999999997,1,3,294.548116091954,0
2015-03-30,571.2240000000002,1,3,294.548116091954,0
2015-03-31,200.716,1,3,294.548116091954,0
2015-04-02,299.2200000000001,2,4,206.11807586206896,0
2015-04-04,1484.598,2,4,206.11807586206896,0
2015-04-05,2974.057999999999,2,4,206.11807586206896,0
2015-04-06,140.00400000000002,2,4,206.11807586206896,0
2015-04-07,907.4359999999998,2,4,206.11807586206896,0
2015-04-09,757.9920000000001,2,4,206.11807586206896,0
2015-04-10,169.54199999999992,2,4,206.11807586206896,0
2015-04-11,1328.3460000000005,2,4,206.11807586206896,0
2015-04-12,40.739999999999995,2,4,206.11807586206896,0
2015-04-13,3192.677999999998,2,4,206.11807586206896,0
2015-04-14,35.208,2,4,206.11807586206896,0
2015-04-16,4161.972000000001,2,4,206.11807586206896,0
2015-04-17,2745.1059999999998,2,4,206.11807586206896,0
2015-04-18,2006.96,2,4,206.11807586206896,0
2015-04-19,329.9600000000001,2,4,206.11807586206896,0
2015-04-20,1194.7260000000003,2,4,206.11807586206896,0
2015-04-21,893.0899999999999,2,4,206.11807586206896,0
2015-04-22,152.916,2,4,206.11807586206896,0
2015-04-24,25.98999999999999,2,4,206.11807586206896,0
2015-04-25,920.9459999999997,2,4,206.11807586206896,0
2015-04-26,2090.1055,2,4,206.11807586206896,0
2015-04-27,2719.5899999999992,2,4,206.11807586206896,0
2015-04-28,4044.361999999998,2,4,206.11807586206896,0
2015-04-29,7.968000000000001,2,4,206.11807586206896,0
2015-04-30,1571.695,2,4,206.11807586206896,0
2015-05-01,450.9399999999998,2,5,210.92355333333333,0
2015-05-02,167.23200000000003,2,5,210.92355333333333,0
2015-05-03,2198.760000000001,2,5,210.92355333333333,0
2015-05-04,1121.3619999999999,2,5,210.92355333333333,0
2015-05-07,305.62200000000007,2,5,210.92355333333333,0
2015-05-08,3981.9680000000026,2,5,210.92355333333333,0
2015-05-09,48.81,2,5,210.92355333333333,0
2015-05-10,154.44200000000006,2,5,210.92355333333333,0
2015-05-11,191.96800000000005,2,5,210.92355333333333,0
2015-05-12,1060.35,2,5,210.92355333333333,0
2015-05-13,238.38400000000001,2,5,210.92355333333333,0
2015-05-14,3141.1995,2,5,210.92355333333333,0
2015-05-15,69.90800000000002,2,5,210.92355333333333,0
2015-05-16,255.96800000000002,2,5,210.92355333333333,0
2015-05-17,134.468,2,5,210.92355333333333,0
2015-05-18,10.86,2,5,210.92355333333333,0
2015-05-20,169.544,2,5,210.92355333333333,0
2015-05-21,72.33199999999998,2,5,210.92355333333333,0
2015-05-22,3862.098000000002,2,5,210.92355333333333,0
2015-05-23,1304.9560000000006,2,5,210.92355333333333,0
2015-05-24,610.307,2,5,210.92355333333333,0
2015-05-25,1739.4179999999997,2,5,210.92355333333333,0
2015-05-26,982.564,2,5,210.92355333333333,0
2015-05-28,794.1459999999998,2,5,210.92355333333333,0
2015-05-29,1204.8420000000006,2,5,210.92355333333333,0
2015-05-30,681.1000000000001,2,5,210.92355333333333,0
2015-05-31,5178.137999999997,2,5,210.92355333333333,0
2015-06-01,834.1980000000002,2,6,212.9967633193863,0
2015-06-04,1192.31,2,6,212.9967633193863,0
2015-06-05,1533.1979999999996,2,6,212.9967633193863,0
2015-06-07,59.76799999999998,2,6,212.9967633193863,0
2015-06-08,1083.1119999999996,2,6,212.9967633193863,0
2015-06-09,797.1159999999999,2,6,212.9967633193863,0
2015-06-11,3373.5640000000003,2,6,212.9967633193863,0
2015-06-12,174.476,2,6,212.9967633193863,0
2015-06-13,1128.8979999999995,2,6,212.9967633193863,0
2015-06-14,51.072,2,6,212.9967633193863,0
2015-06-15,734.144,2,6,212.9967633193863,0
2015-06-16,3443.9039999999995,2,6,212.9967633193863,0
2015-06-18,1883.086999999999,2,6,212.9967633193863,0
2015-06-19,446.34600000000023,2,6,212.9967633193863,0
2015-06-20,829.544,2,6,212.9967633193863,0
2015-06-21,107.97599999999997,2,6,212.9967633193863,0
2015-06-22,2018.952999999999,2,6,212.9967633193863,0
2015-06-23,836.9580000000002,2,6,212.9967633193863,0
2015-06-25,857.0800000000003,2,6,212.9967633193863,0
2015-06-26,1592.1960000000008,2,6,212.9967633193863,0
2015-06-28,1386.4660000000003,2,6,212.9967633193863,0
2015-06-29,432.9259999999999,2,6,212.9967633193863,0
2015-07-02,1631.9019999999994,3,7,207.37760140845072,0
2015-07-03,823.982,3,7,207.37760140845072,0
2015-07-04,1138.2879999999996,3,7,207.37760140845072,0
2015-07-05,121.64599999999999,3,7,207.37760140845072,0
2015-07-06,1379.8119999999994,3,7,207.37760140845072,0
2015-07-08,21.119999999999997,3,7,207.37760140845072,0
2015-07-09,1587.1139999999994,3,7,207.37760140845072,0
2015-07-10,43.286,3,7,207.37760140845072,0
2015-07-11,1941.9520000000005,3,7,207.37760140845072,0
2015-07-12,2052.5669999999996,3,7,207.37760140845072,0
2015-07-13,2033.256,3,7,207.37760140845072,0
2015-07-14,860.9159999999997,3,7,207.37760140845072,0
2015-07-16,3029.3859999999977,3,7,207.37760140845072,0
2015-07-17,448.0819999999999,3,7,207.37760140845072,0
2015-07-18,672.418,3,7,207.37760140845072,0
2015-07-19,2.0249999999999995,3,7,207.37760140845072,0
2015-07-20,2693.168,3,7,207.37760140845072,0
2015-07-23,208.27200000000008,3,7,207.37760140845072,0
2015-07-24,525.95,3,7,207.37760140845072,0
2015-07-25,2395.0239999999994,3,7,207.37760140845072,0
2015-07-26,969.2250000000005,3,7,207.37760140845072,0
2015-07-27,29.969999999999995,3,7,207.37760140845072,0
2015-07-30,443.80200000000013,3,7,207.37760140845072,0
2015-07-31,3712.162,3,7,207.37760140845072,0
2015-08-01,1011.6960000000001,3,8,225.27487677053824,0
2015-08-02,1290.4780000000003,3,8,225.27487677053824,0
2015-08-05,72.64999999999998,3,8,225.27487677053824,0
2015-08-06,494.86920000000003,3,8,225.27487677053824,0
2015-08-07,968.2060000000005,3,8,225.27487677053824,0
2015-08-08,840.1019999999997,3,8,225.27487677053824,0
2015-08-09,4878.392000000001,3,8,225.27487677053824,0
2015-08-10,851.4739999999998,3,8,225.27487677053824,0
2015-08-11,196.11200000000008,3,8,225.27487677053824,0
2015-08-13,586.8959999999998,3,8,225.27487677053824,0
2015-08-15,497.59000000000015,3,8,225.27487677053824,0
2015-08-16,3378.9319999999984,3,8,225.27487677053824,0
2015-08-17,381.6400000000001,3,8,225.27487677053824,0
2015-08-21,2827.5199999999995,3,8,225.27487677053824,0
2015-08-22,66.63200000000003,3,8,225.27487677053824,0
2015-08-23,1202.2780000000002,3,8,225.27487677053824,0
2015-08-24,7194.775,3,8,225.27487677053824,0
2015-08-25,178.52599999999998,3,8,225.27487677053824,0
2015-08-27,639.9740000000002,3,8,225.27487677053824,0
2015-08-28,6491.293000000004,3,8,225.27487677053824,0
2015-08-29,246.49999999999997,3,8,225.27487677053824,0
2015-08-31,2601.796999999999,3,8,225.27487677053824,0
2015-09-01,2367.5640000000003,3,9,222.45115379609544,0
2015-09-03,1874.8979999999997,3,9,222.45115379609544,0
2015-09-04,1071.2839999999997,3,9,222.45115379609544,0
2015-09-05,934.1030000000002,3,9,222.45115379609544,0
2015-09-06,1005.6539999999998,3,9,222.45115379609544,0
2015-09-07,2922.6670000000004,3,9,222.45115379609544,0
2015-09-08,89.64,3,9,222.45115379609544,0
2015-09-10,1415.726,3,9,222.45115379609544,0
2015-09-11,1962.1299999999999,3,9,222.45115379609544,0
2015-09-12,707.8239999999998,3,9,222.45115379609544,0
2015-09-13,3445.772000000002,3,9,222.45115379609544,0
2015-09-14,3262.420000000002,3,9,222.45115379609544,0
2015-09-15,2535.8500000000004,3,9,222.45115379609544,0
2015-09-16,31.120000000000005,3,9,222.45115379609544,0
2015-09-17,11525.006000000008,3,9,222.45115379609544,0
2015-09-18,3924.3199999999974,3,9,222.45115379609544,0
2015-09-19,500.37999999999994,3,9,222.45115379609544,0
2015-09-20,1836.0519999999997,3,9,222.45115379609544,0
2015-09-21,6982.058000000005,3,9,222.45115379609544,0
2015-09-22,1783.5040000000004,3,9,222.45115379609544,0
2015-09-24,4220.594000000003,3,9,222.45115379609544,0
2015-09-25,3033.7570000000014,3,9,222.45115379609544,0
2015-09-26,3722.272999999999,3,9,222.45115379609544,0
2015-09-27,2382.9579999999996,3,9,222.45115379609544,0
2015-09-28,1058.364,3,9,222.45115379609544,0
2015-10-01,1158.4139999999995,4,10,244.59460891330892,0
2015-10-02,1269.2660000000005,4,10,244.59460891330892,0
2015-10-03,275.21800000000013,4,10,244.59460891330892,0
2015-10-04,505.57999999999987,4,10,244.59460891330892,0
2015-10-05,851.0920000000002,4,10,244.59460891330892,0
2015-10-08,222.11999999999998,4,10,244.59460891330892,0
2015-10-09,2133.5350000000008,4,10,244.59460891330892,0
2015-10-10,2248.194,4,10,244.59460891330892,0
2015-10-11,1011.8955000000001,4,10,244.59460891330892,0
2015-10-12,2390.7579999999994,4,10,244.59460891330892,0
2015-10-13,371.6599999999999,4,10,244.59460891330892,0
2015-10-15,3219.5539999999996,4,10,244.59460891330892,0
2015-10-16,824.9700000000003,4,10,244.59460891330892,0
2015-10-17,77.87999999999997,4,10,244.59460891330892,0
2015-10-18,378.49399999999986,4,10,244.59460891330892,0
2015-10-19,2135.0899999999997,4,10,244.59460891330892,0
2015-10-20,720.086,4,10,244.59460891330892,0
2015-10-22,15.127999999999998,4,10,244.59460891330892,0
2015-10-23,2262.2960000000003,4,10,244.59460891330892,0
2015-10-24,831.1449999999999,4,10,244.59460891330892,0
2015-10-25,1425.4119999999998,4,10,244.59460891330892,0
2015-10-26,1395.3329999999999,4,10,244.59460891330892,0
2015-10-28,104.51,4,10,244.59460891330892,0
2015-10-29,244.24,4,10,244.59460891330892,0
2015-10-30,2122.0440000000003,4,10,244.59460891330892,0
2015-10-31,3211.008999999999,4,10,244.59460891330892,0
2015-11-01,3106.105999999998,4,11,239.60643847722636,1
2015-11-02,5528.550999999996,4,11,239.60643847722636,1
2015-11-03,2800.8460000000005,4,11,239.60643847722636,1
2015-11-05,834.8739999999999,4,11,239.60643847722636,1
2015-11-06,11.481000000000002,4,11,239.60643847722636,1
2015-11-07,3073.0729999999976,4,11,239.60643847722636,1
2015-11-08,12196.99699999999,4,11,239.60643847722636,1
2015-11-09,4620.292,4,11,239.60643847722636,1
2015-11-10,3536.903999999999,4,11,239.60643847722636,1
2015-11-11,542.1780000000001,4,11,239.60643847722636,1
2015-11-12,1127.9919999999997,4,11,239.60643847722636,1
2015-11-13,3591.077200000001,4,11,239.60643847722636,1
2015-11-14,2512.71,4,11,239.60643847722636,1
2015-11-15,702.1699999999998,4,11,239.60643847722636,1
2015-11-16,4072.334000000003,4,11,239.60643847722636,1
2015-11-17,3885.985999999999,4,11,239.60643847722636,1
2015-11-19,1040.7840000000006,4,11,239.60643847722636,1
2015-11-20,2861.149999999999,4,11,239.60643847722636,1
2015-11-21,3613.5747999999994,4,11,239.60643847722636,1
2015-11-22,614.4989999999998,4,11,239.60643847722636,1
2015-11-23,3450.1879999999974,4,11,239.60643847722636,1
2015-11-24,1218.7639999999997,4,11,239.60643847722636,1
2015-11-25,13.12,4,11,239.60643847722636,1
2015-11-26,1484.0820000000003,4,11,239.60643847722636,1
2015-11-27,3109.7835000000014,4,11,239.60643847722636,1
2015-11-28,1864.4820000000004,4,11,239.60643847722636,1
2015-11-29,2760.1680000000006,4,11,239.60643847722636,1
2015-11-30,1798.3970000000004,4,11,239.60643847722636,1
2015-12-01,7130.594000000001,4,12,231.03231782670454,1
2015-12-03,1972.6450000000004,4,12,231.03231782670454,1
2015-12-04,5185.8139999999985,4,12,231.03231782670454,1
2015-12-05,897.3220000000002,4,12,231.03231782670454,1
2015-12-06,6061.501999999997,4,12,231.03231782670454,1
2015-12-07,1338.2980000000005,4,12,231.03231782670454,1
2015-12-08,2672.7280000000005,4,12,231.03231782670454,1
2015-12-09,34.02000000000001,4,12,231.03231782670454,1
2015-12-10,3080.3799999999987,4,12,231.03231782670454,1
2015-12-11,1590.8940000000002,4,12,231.03231782670454,1
2015-12-12,1448.8540000000005,4,12,231.03231782670454,1
2015-12-13,1023.3859999999995,4,12,231.03231782670454,1
2015-12-14,858.3040000000001,4,12,231.03231782670454,1
2015-12-15,5494.795999999997,4,12,231.03231782670454,1
2015-12-16,4.98,4,12,231.03231782670454,1
2015-12-17,1918.4920000000002,4,12,231.03231782670454,1
2015-12-18,935.2880000000002,4,12,231.03231782670454,1
2015-12-19,6120.6560000000045,4,12,231.03231782670454,1
2015-12-20,1107.4639999999997,4,12,231.03231782670454,1
2015-12-21,3257.760000000002,4,12,231.03231782670454,1
2015-12-22,473.3129999999999,4,12,231.03231782670454,1
2015-12-23,194.31999999999996,4,12,231.03231782670454,1
2015-12-24,7484.566000000004,4,12,231.03231782670454,1
2015-12-25,4204.967999999996,4,12,231.03231782670454,1
2015-12-26,561.4860000000002,4,12,231.03231782670454,1
2015-12-27,5148.447199999999,4,12,231.03231782670454,1
2015-12-28,79.2,4,12,231.03231782670454,1
2015-12-29,6.359999999999999,4,12,231.03231782670454,1
2015-12-30,3251.3399999999997,4,12,231.03231782670454,1
2015-12-31,1381.3439999999998,4,12,231.03231782670454,1
2016-01-02,405.9199999999998,1,1,249.14655013123362,0
2016-01-03,2095.83,1,1,249.14655013123362,0
2016-01-04,1069.22,1,1,249.14655013123362,0
2016-01-05,255.90400000000005,1,1,249.14655013123362,0
2016-01-07,83.57599999999996,1,1,249.14655013123362,0
2016-01-08,1859.158,1,1,249.14655013123362,0
2016-01-09,743.0460000000002,1,1,249.14655013123362,0
2016-01-10,174.75,1,1,249.14655013123362,0
2016-01-11,149.44399999999993,1,1,249.14655013123362,0
2016-01-14,405.3439999999998,1,1,249.14655013123362,0
2016-01-15,701.923,1,1,249.14655013123362,0
2016-01-16,102.21800000000002,1,1,249.14655013123362,0
2016-01-17,1040.5500000000002,1,1,249.14655013123362,0
2016-01-21,1167.056,1,1,249.14655013123362,0
2016-01-22,917.6299999999999,1,1,249.14655013123362,0
2016-01-23,1732.2999999999993,1,1,249.14655013123362,0
2016-01-24,31.359999999999992,1,1,249.14655013123362,0
2016-01-25,858.712,1,1,249.14655013123362,0
2016-01-28,39.68000000000001,1,1,249.14655013123362,0
2016-01-30,3107.316000000001,1,1,249.14655013123362,0
2016-01-31,1601.5539999999999,1,1,249.14655013123362,0
2016-02-01,161.96999999999997,1,2,199.170838,0
2016-02-02,8996.784000000005,1,2,199.170838,0
2016-02-03,866.3999999999997,1,2,199.170838,0
2016-02-04,197.86799999999994,1,2,199.170838,0
2016-02-05,2994.4759999999997,1,2,199.170838,0
2016-02-06,132.22399999999996,1,2,199.170838,0
2016-02-07,762.142,1,2,199.170838,0
2016-02-08,1369.4759999999999,1,2,199.170838,0
2016-02-09,121.83,1,2,199.170838,0
2016-02-11,69.93,1,2,199.170838,0
2016-02-12,1366.0399999999995,1,2,199.170838,0
2016-02-13,146.82,1,2,199.170838,0
2016-02-14,837.9209999999997,1,2,199.170838,0
2016-02-15,407.0720000000001,1,2,199.170838,0
2016-02-16,1135.6380000000001,1,2,199.170838,0
2016-02-19,392.6599999999999,1,2,199.170838,0
2016-02-20,16.496000000000002,1,2,199.170838,0
2016-02-21,1524.126,1,2,199.170838,0
2016-02-22,983.1700000000002,1,2,199.170838,0
2016-02-23,57.57600000000001,1,2,199.170838,0
2016-02-25,46.72,1,2,199.170838,0
2016-02-27,243.8920000000001,1,2,199.170838,0
2016-02-28,36.480000000000004,1,2,199.170838,0
2016-02-29,111.10400000000004,1,2,199.170838,0
2016-03-01,6285.806000000003,1,3,294.548116091954,0
2016-03-03,7264.421999999997,1,3,294.548116091954,0
2016-03-04,315.45000000000005,1,3,294.548116091954,0
2016-03-05,162.34399999999994,1,3,294.548116091954,0
2016-03-06,811.3030000000002,1,3,294.548116091954,0
2016-03-07,21.071999999999996,1,3,294.548116091954,0
2016-03-08,2190.810000000001,1,3,294.548116091954,0
2016-03-09,635.5999999999999,1,3,294.548116091954,0
2016-03-10,7879.734000000003,1,3,294.548116091954,0
2016-03-11,896.0220000000002,1,3,294.548116091954,0
2016-03-12,1694.6419999999998,1,3,294.548116091954,0
2016-03-13,8866.882,1,3,294.548116091954,0
2016-03-14,669.3679999999998,1,3,294.548116091954,0
2016-03-15,2356.8080000000004,1,3,294.548116091954,0
2016-03-17,2360.3340000000003,1,3,294.548116091954,0
2016-03-18,1061.6820000000002,1,3,294.548116091954,0
2016-03-19,138.67999999999995,1,3,294.548116091954,0
2016-03-20,928.3110000000004,1,3,294.548116091954,0
2016-03-21,645.7059999999998,1,3,294.548116091954,0
2016-03-22,226.46800000000005,1,3,294.548116091954,0
2016-03-24,745.7740000000001,1,3,294.548116091954,0
2016-03-25,1346.9700000000003,1,3,294.548116091954,0
2016-03-26,682.2460000000002,1,3,294.548116091954,0
2016-03-27,92.69999999999996,1,3,294.548116091954,0
2016-03-28,125.29999999999998,1,3,294.548116091954,0
2016-03-29,2659.339000000001,1,3,294.548116091954,0
2016-03-30,11.339999999999998,1,3,294.548116091954,0
2016-03-31,640.7620000000001,1,3,294.548116091954,0
2016-04-01,2161.479999999999,2,4,206.11807586206896,0
2016-04-02,1454.9000000000003,2,4,206.11807586206896,0
2016-04-03,441.19800000000015,2,4,206.11807586206896,0
2016-04-04,970.1940000000002,2,4,206.11807586206896,0
2016-04-05,1046.3339999999996,2,4,206.11807586206896,0
2016-04-06,1294.7499999999995,2,4,206.11807586206896,0
2016-04-07,1970.5740000000008,2,4,206.11807586206896,0
2016-04-08,2906.4039999999995,2,4,206.11807586206896,0
2016-04-09,1115.197,2,4,206.11807586206896,0
2016-04-10,950.5939999999996,2,4,206.11807586206896,0
2016-04-12,1542.5300000000004,2,4,206.11807586206896,0
2016-04-13,6.120000000000001,2,4,206.11807586206896,0
2016-04-14,1466.5720000000001,2,4,206.11807586206896,0
2016-04-15,2201.8559999999993,2,4,206.11807586206896,0
2016-04-16,9335.086000000005,2,4,206.11807586206896,0
2016-04-17,421.0849999999999,2,4,206.11807586206896,0
2016-04-18,2514.5380000000005,2,4,206.11807586206896,0
2016-04-19,1414.1320000000003,2,4,206.11807586206896,0
2016-04-21,271.616,2,4,206.11807586206896,0
2016-04-22,1765.4650000000004,2,4,206.11807586206896,0
2016-04-23,720.3680000000002,2,4,206.11807586206896,0
2016-04-24,1607.0999999999997,2,4,206.11807586206896,0
2016-04-25,108.41999999999999,2,4,206.11807586206896,0
2016-04-26,434.64599999999996,2,4,206.11807586206896,0
2016-04-28,486.6720000000002,2,4,206.11807586206896,0
2016-04-30,142.20799999999994,2,4,206.11807586206896,0
2016-05-01,517.866,2,5,210.92355333333333,0
2016-05-02,1098.136,2,5,210.92355333333333,0
2016-05-03,1099.0129999999997,2,5,210.92355333333333,0
2016-05-05,2701.2800000000007,2,5,210.92355333333333,0
2016-05-06,236.95999999999998,2,5,210.92355333333333,0
2016-05-07,4835.9760000000015,2,5,210.92355333333333,0
2016-05-08,1340.2440000000006,2,5,210.92355333333333,0
2016-05-09,1283.5120000000004,2,5,210.92355333333333,0
2016-05-10,763.0199999999998,2,5,210.92355333333333,0
2016-05-11,5.9799999999999995,2,5,210.92355333333333,0
2016-05-12,918.8780000000002,2,5,210.92355333333333,0
2016-05-14,455.92999999999984,2,5,210.92355333333333,0
2016-05-15,648.912,2,5,210.92355333333333,0
2016-05-16,880.46,2,5,210.92355333333333,0
2016-05-17,346.92200000000014,2,5,210.92355333333333,0
2016-05-18,122.22,2,5,210.92355333333333,0
2016-05-19,1582.0080000000005,2,5,210.92355333333333,0
2016-05-20,2471.9129999999996,2,5,210.92355333333333,0
2016-05-21,2718.2140000000013,2,5,210.92355333333333,0
2016-05-22,1799.1999999999996,2,5,210.92355333333333,0
2016-05-23,10560.978000000001,2,5,210.92355333333333,0
2016-05-24,277.75599999999986,2,5,210.92355333333333,0
2016-05-25,1311.9700000000007,2,5,210.92355333333333,0
2016-05-26,1975.3559999999998,2,5,210.92355333333333,0
2016-05-27,5305.078000000001,2,5,210.92355333333333,0
2016-05-28,2137.324,2,5,210.92355333333333,0
2016-05-29,1063.1849999999997,2,5,210.92355333333333,0
2016-05-30,8090.577999999995,2,5,210.92355333333333,0
2016-05-31,438.8590000000001,2,5,210.92355333333333,0
2016-06-02,157.84400000000002,2,6,212.9967633193863,0
2016-06-03,71.08799999999997,2,6,212.9967633193863,0
2016-06-04,2316.5229999999992,2,6,212.9967633193863,0
2016-06-05,659.8199999999997,2,6,212.9967633193863,0
2016-06-06,6026.312000000002,2,6,212.9967633193863,0
2016-06-07,51.56199999999999,2,6,212.9967633193863,0
2016-06-09,1688.472000000001,2,6,212.9967633193863,0
2016-06-10,1412.3960000000006,2,6,212.9967633193863,0
2016-06-11,1623.4160000000004,2,6,212.9967633193863,0
2016-06-12,2962.562999999999,2,6,212.9967633193863,0
2016-06-13,430.4380000000002,2,6,212.9967633193863,0
2016-06-14,3457.099000000003,2,6,212.9967633193863,0
2016-06-15,173.48799999999994,2,6,212.9967633193863,0
2016-06-16,147.27500000000003,2,6,212.9967633193863,0
2016-06-17,3000.9199999999983,2,6,212.9967633193863,0
2016-06-18,541.9379999999998,2,6,212.9967633193863,0
2016-06-19,17.12,2,6,212.9967633193863,0
2016-06-20,1229.5479999999998,2,6,212.9967633193863,0
2016-06-21,577.1080000000001,2,6,212.9967633193863,0
2016-06-23,2475.0940000000005,2,6,212.9967633193863,0
2016-06-24,5310.952000000001,2,6,212.9967633193863,0
2016-06-25,893.2659999999996,2,6,212.9967633193863,0
2016-06-26,1919.5999999999995,2,6,212.9967633193863,0
2016-06-27,778.7059999999999,2,6,212.9967633193863,0
2016-06-28,877.156,2,6,212.9967633193863,0
2016-06-29,191.88000000000005,2,6,212.9967633193863,0
2016-06-30,1352.9499999999996,2,6,212.9967633193863,0
2016-07-01,1724.3759999999993,3,7,207.37760140845072,0
2016-07-02,772.7860000000001,3,7,207.37760140845072,0
2016-07-03,847.6999999999997,3,7,207.37760140845072,0
2016-07-04,1651.3010000000004,3,7,207.37760140845072,0
2016-07-07,3882.2310000000025,3,7,207.37760140845072,0
2016-07-08,2616.511999999999,3,7,207.37760140845072,0
2016-07-09,573.2860000000001,3,7,207.37760140845072,0
2016-07-10,895.8949999999999,3,7,207.37760140845072,0
2016-07-12,95.76000000000002,3,7,207.37760140845072,0
2016-07-14,2149.9600000000005,3,7,207.37760140845072,0
2016-07-15,380.1999999999999,3,7,207.37760140845072,0
2016-07-16,910.1699999999996,3,7,207.37760140845072,0
2016-07-17,2184.880000000001,3,7,207.37760140845072,0
2016-07-18,2891.8579999999993,3,7,207.37760140845072,0
2016-07-19,1536.4539999999997,3,7,207.37760140845072,0
2016-07-20,89.95000000000002,3,7,207.37760140845072,0
2016-07-21,991.0950000000001,3,7,207.37760140845072,0
2016-07-22,1368.0479999999995,3,7,207.37760140845072,0
2016-07-23,654.5870000000001,3,7,207.37760140845072,0
2016-07-24,326.96399999999994,3,7,207.37760140845072,0
2016-07-25,5920.488000000005,3,7,207.37760140845072,0
2016-07-28,2033.3739999999996,3,7,207.37760140845072,0
2016-07-29,819.1540000000003,3,7,207.37760140845072,0
2016-07-30,1770.7760000000003,3,7,207.37760140845072,0
2016-07-31,2174.1579999999994,3,7,207.37760140845072,0
2016-08-01,1124.6479999999997,3,8,225.27487677053824,0
2016-08-02,482.58399999999983,3,8,225.27487677053824,0
2016-08-03,248.81999999999994,3,8,225.27487677053824,0
2016-08-04,497.9100000000001,3,8,225.27487677053824,0
2016-08-05,197.05000000000007,3,8,225.27487677053824,0
2016-08-06,320.3879999999999,3,8,225.27487677053824,0
2016-08-07,179.97000000000008,3,8,225.27487677053824,0
2016-08-08,1115.2039999999997,3,8,225.27487677053824,0
2016-08-09,661.3539999999999,3,8,225.27487677053824,0
2016-08-11,151.81999999999996,3,8,225.27487677053824,0
2016-08-12,3951.960499999998,3,8,225.27487677053824,0
2016-08-13,731.5239999999997,3,8,225.27487677053824,0
2016-08-14,923.6880000000003,3,8,225.27487677053824,0
2016-08-15,1680.2660000000003,3,8,225.27487677053824,0
2016-08-16,204.54000000000008,3,8,225.27487677053824,0
2016-08-17,15.712,3,8,225.27487677053824,0
2016-08-18,496.11399999999986,3,8,225.27487677053824,0
2016-08-19,448.7919999999999,3,8,225.27487677053824,0
2016-08-20,14.780000000000003,3,8,225.27487677053824,0
2016-08-21,4798.2919999999995,3,8,225.27487677053824,0
2016-08-22,405.35000000000014,3,8,225.27487677053824,0
2016-08-23,4187.348,3,8,225.27487677053824,0
2016-08-26,4874.298000000002,3,8,225.27487677053824,0
2016-08-27,767.9109999999998,3,8,225.27487677053824,0
2016-08-28,322.0248,3,8,225.27487677053824,0
2016-08-29,632.1879999999998,3,8,225.27487677053824,0
2016-08-30,1656.8700000000001,3,8,225.27487677053824,0
2016-08-31,23.968,3,8,225.27487677053824,0
2016-09-01,5766.152000000001,3,9,222.45115379609544,0
2016-09-02,6792.193,3,9,222.45115379609544,0
2016-09-03,2365.595999999999,3,9,222.45115379609544,0
2016-09-04,4532.041999999996,3,9,222.45115379609544,0
2016-09-05,5226.348000000002,3,9,222.45115379609544,0
2016-09-06,1313.536,3,9,222.45115379609544,0
2016-09-08,4493.9836000000005,3,9,222.45115379609544,0
2016-09-09,84.99200000000002,3,9,222.45115379609544,0
2016-09-10,2094.324,3,9,222.45115379609544,0
2016-09-11,6501.585999999999,3,9,222.45115379609544,0
2016-09-12,2043.7919999999997,3,9,222.45115379609544,0
2016-09-13,2374.7299999999996,3,9,222.45115379609544,0
2016-09-14,1137.3379999999997,3,9,222.45115379609544,0
2016-09-15,2101.182000000001,3,9,222.45115379609544,0
2016-09-16,425.8859999999998,3,9,222.45115379609544,0
2016-09-17,2043.126,3,9,222.45115379609544,0
2016-09-18,4751.082000000002,3,9,222.45115379609544,0
2016-09-19,3839.3120000000013,3,9,222.45115379609544,0
2016-09-20,1232.0040000000004,3,9,222.45115379609544,0
2016-09-22,615.57,3,9,222.45115379609544,0
2016-09-23,1322.145,3,9,222.45115379609544,0
2016-09-24,2286.05,3,9,222.45115379609544,0
2016-09-25,3443.0910000000003,3,9,222.45115379609544,0
2016-09-26,2698.166499999999,3,9,222.45115379609544,0
2016-09-27,1992.9857999999992,3,9,222.45115379609544,0
2016-09-28,99.13599999999997,3,9,222.45115379609544,0
2016-09-29,1307.7920000000004,3,9,222.45115379609544,0
2016-09-30,525.8840000000001,3,9,222.45115379609544,0
2016-10-01,781.4139999999998,4,10,244.59460891330892,0
2016-10-02,18452.971999999987,4,10,244.59460891330892,0
2016-10-03,1680.6959999999992,4,10,244.59460891330892,0
2016-10-04,5912.782000000005,4,10,244.59460891330892,0
2016-10-06,830.4,4,10,244.59460891330892,0
2016-10-07,973.7120000000004,4,10,244.59460891330892,0
2016-10-08,561.5359999999998,4,10,244.59460891330892,0
2016-10-09,546.9199999999998,4,10,244.59460891330892,0
2016-10-10,282.753,4,10,244.59460891330892,0
2016-10-11,33.064,4,10,244.59460891330892,0
2016-10-13,1650.6179999999993,4,10,244.59460891330892,0
2016-10-14,3335.8879999999995,4,10,244.59460891330892,0
2016-10-15,1620.1499999999994,4,10,244.59460891330892,0
2016-10-16,142.18200000000004,4,10,244.59460891330892,0
2016-10-17,2953.346000000001,4,10,244.59460891330892,0
2016-10-18,307.92000000000013,4,10,244.59460891330892,0
2016-10-20,946.1739999999998,4,10,244.59460891330892,0
2016-10-21,7951.591999999997,4,10,244.59460891330892,0
2016-10-22,188.28000000000003,4,10,244.59460891330892,0
2016-10-23,467.422,4,10,244.59460891330892,0
2016-10-24,1365.4979999999996,4,10,244.59460891330892,0
2016-10-25,783.9600000000002,4,10,244.59460891330892,0
2016-10-27,978.7899999999998,4,10,244.59460891330892,0
2016-10-28,2899.0209999999997,4,10,244.59460891330892,0
2016-10-29,131.15400000000005,4,10,244.59460891330892,0
2016-10-30,159.00200000000004,4,10,244.59460891330892,0
2016-10-31,3750.4990000000025,4,10,244.59460891330892,0
2016-11-01,453.37400000000014,4,11,239.60643847722636,1
2016-11-03,3802.7959999999994,4,11,239.60643847722636,1
2016-11-04,3888.817999999999,4,11,239.60643847722636,1
2016-11-05,4266.898800000003,4,11,239.60643847722636,1
2016-11-06,773.256,4,11,239.60643847722636,1
2016-11-07,3810.4639999999968,4,11,239.60643847722636,1
2016-11-08,993.9000000000004,4,11,239.60643847722636,1
2016-11-09,479.97000000000014,4,11,239.60643847722636,1
2016-11-10,4723.477999999999,4,11,239.60643847722636,1
2016-11-11,4944.2959999999985,4,11,239.60643847722636,1
2016-11-12,4914.937999999999,4,11,239.60643847722636,1
2016-11-13,2945.137999999999,4,11,239.60643847722636,1
2016-11-14,2774.0620000000013,4,11,239.60643847722636,1
2016-11-15,2145.7180000000008,4,11,239.60643847722636,1
2016-11-16,36.72,4,11,239.60643847722636,1
2016-11-17,142.68400000000003,4,11,239.60643847722636,1
2016-11-18,3958.932,4,11,239.60643847722636,1
2016-11-19,638.4620000000001,4,11,239.60643847722636,1
2016-11-20,3070.332999999998,4,11,239.60643847722636,1
2016-11-21,1176.891,4,11,239.60643847722636,1
2016-11-22,317.04399999999987,4,11,239.60643847722636,1
2016-11-23,100.61599999999996,4,11,239.60643847722636,1
2016-11-24,6394.538000000004,4,11,239.60643847722636,1
2016-11-25,7978.550999999994,4,11,239.60643847722636,1
2016-11-26,8329.743,4,11,239.60643847722636,1
2016-11-27,1651.2389999999994,4,11,239.60643847722636,1
2016-11-28,3428.372000000001,4,11,239.60643847722636,1
2016-11-29,300.5920000000001,4,11,239.60643847722636,1
2016-11-30,970.1419999999998,4,11,239.60643847722636,1
2016-12-01,7365.455000000001,4,12,231.03231782670454,1
2016-12-02,4684.616000000001,4,12,231.03231782670454,1
2016-12-03,5269.8160000000025,4,12,231.03231782670454,1
2016-12-04,944.2860000000003,4,12,231.03231782670454,1
2016-12-05,5267.0040000000035,4,12,231.03231782670454,1
2016-12-06,3878.276000000001,4,12,231.03231782670454,1
2016-12-08,4709.095000000001,4,12,231.03231782670454,1
2016-12-09,1855.4829999999993,4,12,231.03231782670454,1
2016-12-10,3459.7099999999996,4,12,231.03231782670454,1
2016-12-11,6102.2499999999945,4,12,231.03231782670454,1
2016-12-12,1981.1150000000002,4,12,231.03231782670454,1
2016-12-13,1194.0879999999995,4,12,231.03231782670454,1
2016-12-14,828.6540000000002,4,12,231.03231782670454,1
2016-12-15,2637.0869999999995,4,12,231.03231782670454,1
2016-12-16,628.5419999999999,4,12,231.03231782670454,1
2016-12-17,12185.133999999998,4,12,231.03231782670454,1
2016-12-18,7051.349999999996,4,12,231.03231782670454,1
2016-12-19,815.1119999999997,4,12,231.03231782670454,1
2016-12-20,134.54000000000002,4,12,231.03231782670454,1
2016-12-22,1043.1280000000002,4,12,231.03231782670454,1
2016-12-23,6965.857000000002,4,12,231.03231782670454,1
2016-12-24,1938.2600000000002,4,12,231.03231782670454,1
2016-12-25,10488.054999999991,4,12,231.03231782670454,1
2016-12-26,1829.4179999999992,4,12,231.03231782670454,1
2016-12-27,959.4899999999997,4,12,231.03231782670454,1
2016-12-29,1277.6799999999996,4,12,231.03231782670454,1
2016-12-30,773.7740000000002,4,12,231.03231782670454,1
2016-12-31,731.7680000000003,4,12,231.03231782670454,1
2017-01-01,1481.8279999999997,1,1,249.14655013123362,0
2017-01-02,2079.5539999999996,1,1,249.14655013123362,0
2017-01-03,2070.2720000000004,1,1,249.14655013123362,0
2017-01-06,33.739999999999995,1,1,249.14655013123362,0
2017-01-07,3395.590000000001,1,1,249.14655013123362,0
2017-01-08,892.9799999999998,1,1,249.14655013123362,0
2017-01-09,274.49100000000004,1,1,249.14655013123362,0
2017-01-12,848.5199999999996,1,1,249.14655013123362,0
2017-01-13,4619.330000000002,1,1,249.14655013123362,0
2017-01-14,1056.0380000000005,1,1,249.14655013123362,0
2017-01-15,2140.280000000001,1,1,249.14655013123362,0
2017-01-16,6230.291999999998,1,1,249.14655013123362,0
2017-01-19,2013.7150000000001,1,1,249.14655013123362,0
2017-01-20,767.8380000000002,1,1,249.14655013123362,0
2017-01-21,2546.6430000000005,1,1,249.14655013123362,0
2017-01-22,4212.372,1,1,249.14655013123362,0
2017-01-23,450.3340000000002,1,1,249.14655013123362,0
2017-01-24,418.66599999999977,1,1,249.14655013123362,0
2017-01-26,3055.279999999998,1,1,249.14655013123362,0
2017-01-27,331.914,1,1,249.14655013123362,0
2017-01-28,1007.5200000000001,1,1,249.14655013123362,0
2017-01-29,294.842,1,1,249.14655013123362,0
2017-01-30,3749.3349999999978,1,1,249.14655013123362,0
2017-02-02,913.3540000000004,1,2,199.170838,0
2017-02-03,922.3269999999997,1,2,199.170838,0
2017-02-04,32.67,1,2,199.170838,0
2017-02-05,2263.0119999999997,1,2,199.170838,0
2017-02-06,904.354,1,2,199.170838,0
2017-02-09,773.764,1,2,199.170838,0
2017-02-10,227.10300000000007,1,2,199.170838,0
2017-02-11,1241.5160000000003,1,2,199.170838,0
2017-02-13,1058.4299999999996,1,2,199.170838,0
2017-02-16,1337.442,1,2,199.170838,0
2017-02-17,2964.8174000000004,1,2,199.170838,0
2017-02-18,287.3259999999999,1,2,199.170838,0
2017-02-19,1314.5900000000006,1,2,199.170838,0
2017-02-20,1150.2900000000004,1,2,199.170838,0
2017-02-21,47.90400000000001,1,2,199.170838,0
2017-02-23,117.80000000000001,1,2,199.170838,0
2017-02-24,1448.6759999999995,1,2,199.170838,0
2017-02-25,430.4919999999998,1,2,199.170838,0
2017-02-26,2847.6459999999997,1,2,199.170838,0
2017-02-28,17.620000000000005,1,2,199.170838,0
2017-03-02,1450.1260000000002,1,3,294.548116091954,0
2017-03-03,2000.1040000000005,1,3,294.548116091954,0
2017-03-04,228.82199999999992,1,3,294.548116091954,0
2017-03-05,1240.0199999999995,1,3,294.548116091954,0
2017-03-06,778.2360000000001,1,3,294.548116091954,0
2017-03-07,166.58999999999997,1,3,294.548116091954,0
2017-03-08,843.1000000000001,1,3,294.548116091954,0
2017-03-09,710.8040000000003,1,3,294.548116091954,0
2017-03-10,1252.9520000000007,1,3,294.548116091954,0
2017-03-11,1973.7079999999996,1,3,294.548116091954,0
2017-03-12,353.2799999999999,1,3,294.548116091954,0
2017-03-13,4791.349999999998,1,3,294.548116091954,0
2017-03-14,49.616,1,3,294.548116091954,0
2017-03-16,2014.3809999999999,1,3,294.548116091954,0
2017-03-17,542.746,1,3,294.548116091954,0
2017-03-18,1027.758,1,3,294.548116091954,0
2017-03-19,2166.248,1,3,294.548116091954,0
2017-03-20,899.5679999999999,1,3,294.548116091954,0
2017-03-21,3332.6359999999972,1,3,294.548116091954,0
2017-03-23,14816.067999999988,1,3,294.548116091954,0
2017-03-24,1257.2979999999998,1,3,294.548116091954,0
2017-03-25,3567.0260000000026,1,3,294.548116091954,0
2017-03-26,3252.8800000000006,1,3,294.548116091954,0
2017-03-27,2933.5159999999996,1,3,294.548116091954,0
2017-03-28,1504.7019999999998,1,3,294.548116091954,0
2017-03-29,81.4,1,3,294.548116091954,0
2017-03-30,656.407,1,3,294.548116091954,0
2017-03-31,4981.010800000004,1,3,294.548116091954,0
2017-04-01,5972.988000000005,2,4,206.11807586206896,0
2017-04-02,822.9699999999998,2,4,206.11807586206896,0
2017-04-03,32.528,2,4,206.11807586206896,0
2017-04-04,808.4700000000001,2,4,206.11807586206896,0
2017-04-06,114.42000000000002,2,4,206.11807586206896,0
2017-04-07,1971.2904999999996,2,4,206.11807586206896,0
2017-04-08,6401.9299999999985,2,4,206.11807586206896,0
2017-04-09,1626.7099999999998,2,4,206.11807586206896,0
2017-04-10,755.5289999999999,2,4,206.11807586206896,0
2017-04-11,319.8059999999998,2,4,206.11807586206896,0
2017-04-12,69.65999999999998,2,4,206.11807586206896,0
2017-04-13,1345.8239999999998,2,4,206.11807586206896,0
2017-04-14,652.9299999999997,2,4,206.11807586206896,0
2017-04-15,332.3379999999999,2,4,206.11807586206896,0
2017-04-16,944.429,2,4,206.11807586206896,0
2017-04-17,3431.459000000001,2,4,206.11807586206896,0
2017-04-20,2033.2399999999998,2,4,206.11807586206896,0
2017-04-21,1254.5640000000005,2,4,206.11807586206896,0
2017-04-22,947.6920000000002,2,4,206.11807586206896,0
2017-04-23,1199.2220000000004,2,4,206.11807586206896,0
2017-04-24,928.5580000000004,2,4,206.11807586206896,0
2017-04-25,678.1129999999998,2,4,206.11807586206896,0
2017-04-26,61.60799999999999,2,4,206.11807586206896,0
2017-04-27,576.5755999999999,2,4,206.11807586206896,0
2017-04-28,795.2960000000002,2,4,206.11807586206896,0
2017-04-29,1053.26,2,4,206.11807586206896,0
2017-04-30,1390.1260000000009,2,4,206.11807586206896,0
2017-05-01,4108.370000000001,2,5,210.92355333333333,0
2017-05-02,399.1099999999999,2,5,210.92355333333333,0
2017-05-03,1386.3459999999998,2,5,210.92355333333333,0
2017-05-04,1389.4050000000007,2,5,210.92355333333333,0
2017-05-05,185.12300000000005,2,5,210.92355333333333,0
2017-05-06,3183.3697999999995,2,5,210.92355333333333,0
2017-05-07,2549.468,2,5,210.92355333333333,0
2017-05-08,3658.5539999999983,2,5,210.92355333333333,0
2017-05-09,1078.2219999999998,2,5,210.92355333333333,0
2017-05-11,449.4689999999999,2,5,210.92355333333333,0
2017-05-12,970.3839999999999,2,5,210.92355333333333,0
2017-05-13,3066.377999999998,2,5,210.92355333333333,0
2017-05-14,4182.062000000002,2,5,210.92355333333333,0
2017-05-15,421.264,2,5,210.92355333333333,0
2017-05-16,221.02400000000006,2,5,210.92355333333333,0
2017-05-18,1830.5079999999998,2,5,210.92355333333333,0
2017-05-19,4919.181999999997,2,5,210.92355333333333,0
2017-05-20,2997.5780000000013,2,5,210.92355333333333,0
2017-05-21,538.0199999999998,2,5,210.92355333333333,0
2017-05-22,336.56199999999995,2,5,210.92355333333333,0
2017-05-23,241.43599999999998,2,5,210.92355333333333,0
2017-05-25,886.0259999999996,2,5,210.92355333333333,0
2017-05-26,270.24000000000007,2,5,210.92355333333333,0
2017-05-27,2084.9080000000004,2,5,210.92355333333333,0
2017-05-28,1480.103,2,5,210.92355333333333,0
2017-05-29,691.1080000000001,2,5,210.92355333333333,0
2017-05-30,736.8904,2,5,210.92355333333333,0
2017-06-01,5058.361999999997,2,6,212.9967633193863,0
2017-06-02,135.70600000000005,2,6,212.9967633193863,0
2017-06-03,2952.035999999999,2,6,212.9967633193863,0
2017-06-04,279.4139999999999,2,6,212.9967633193863,0
2017-06-05,491.11200000000014,2,6,212.9967633193863,0
2017-06-06,31.35,2,6,212.9967633193863,0
2017-06-08,2227.038,2,6,212.9967633193863,0
2017-06-09,939.1329999999996,2,6,212.9967633193863,0
2017-06-10,2513.343,2,6,212.9967633193863,0
2017-06-11,1580.8940000000005,2,6,212.9967633193863,0
2017-06-12,1679.9679999999998,2,6,212.9967633193863,0
2017-06-13,1156.0179999999996,2,6,212.9967633193863,0
2017-06-15,4057.5100000000034,2,6,212.9967633193863,0
2017-06-16,2724.193999999999,2,6,212.9967633193863,0
2017-06-17,3896.671999999998,2,6,212.9967633193863,0
2017-06-18,1031.1555000000003,2,6,212.9967633193863,0
2017-06-19,2115.941,2,6,212.9967633193863,0
2017-06-20,1028.2280000000003,2,6,212.9967633193863,0
2017-06-21,595.6560000000001,2,6,212.9967633193863,0
2017-06-22,579.019,2,6,212.9967633193863,0
2017-06-24,1287.6139999999998,2,6,212.9967633193863,0
2017-06-25,1508.3519999999994,2,6,212.9967633193863,0
2017-06-26,4224.136000000003,2,6,212.9967633193863,0
2017-06-27,1644.906,2,6,212.9967633193863,0
2017-06-29,4521.991199999999,2,6,212.9967633193863,0
2017-06-30,4721.976999999995,2,6,212.9967633193863,0
2017-07-01,639.83,3,7,207.37760140845072,0
2017-07-02,169.19199999999995,3,7,207.37760140845072,0
2017-07-03,6963.404000000002,3,7,207.37760140845072,0
2017-07-05,476.3540000000001,3,7,207.37760140845072,0
2017-07-06,380.37799999999993,3,7,207.37760140845072,0
2017-07-07,1620.25,3,7,207.37760140845072,0
2017-07-08,1980.2639999999994,3,7,207.37760140845072,0
2017-07-09,1671.2140000000004,3,7,207.37760140845072,0
2017-07-10,359.21399999999994,3,7,207.37760140845072,0
2017-07-11,1728.892,3,7,207.37760140845072,0
2017-07-12,3.8160000000000003,3,7,207.37760140845072,0
2017-07-13,504.542,3,7,207.37760140845072,0
2017-07-14,3598.9339999999984,3,7,207.37760140845072,0
2017-07-15,2132.2290000000007,3,7,207.37760140845072,0
2017-07-16,316.6359999999999,3,7,207.37760140845072,0
2017-07-17,2191.8730000000005,3,7,207.37760140845072,0
2017-07-18,2106.794000000001,3,7,207.37760140845072,0
2017-07-20,2283.207999999999,3,7,207.37760140845072,0
2017-07-21,3685.9439999999972,3,7,207.37760140845072,0
2017-07-22,556.3140000000002,3,7,207.37760140845072,0
2017-07-23,898.1879999999996,3,7,207.37760140845072,0
2017-07-24,2399.959999999999,3,7,207.37760140845072,0
2017-07-25,798.7419999999996,3,7,207.37760140845072,0
2017-07-26,2012.3019999999997,3,7,207.37760140845072,0
2017-07-27,1142.6799999999996,3,7,207.37760140845072,0
2017-07-28,1170.564,3,7,207.37760140845072,0
2017-07-29,1391.2940000000003,3,7,207.37760140845072,0
2017-07-30,523.3759999999999,3,7,207.37760140845072,0
2017-07-31,1558.028,3,7,207.37760140845072,0
2017-08-01,2085.6500000000005,3,8,225.27487677053824,0
2017-08-03,531.3479999999998,3,8,225.27487677053824,0
2017-08-04,20.069999999999997,3,8,225.27487677053824,0
2017-08-05,503.67600000000016,3,8,225.27487677053824,0
2017-08-06,1424.0260000000003,3,8,225.27487677053824,0
2017-08-07,3479.6240000000003,3,8,225.27487677053824,0
2017-08-10,1823.0700000000006,3,8,225.27487677053824,0
2017-08-11,708.7259999999999,3,8,225.27487677053824,0
2017-08-12,3693.0840000000017,3,8,225.27487677053824,0
2017-08-13,2643.1640000000007,3,8,225.27487677053824,0
2017-08-14,440.7360000000002,3,8,225.27487677053824,0
2017-08-15,1949.8720000000003,3,8,225.27487677053824,0
2017-08-16,80.56400000000002,3,8,225.27487677053824,0
2017-08-17,9517.287999999999,3,8,225.27487677053824,0
2017-08-18,7078.484000000005,3,8,225.27487677053824,0
2017-08-19,512.4460000000003,3,8,225.27487677053824,0
2017-08-20,692.95,3,8,225.27487677053824,0
2017-08-21,8551.053999999996,3,8,225.27487677053824,0
2017-08-22,524.54,3,8,225.27487677053824,0
2017-08-23,4590.343999999997,3,8,225.27487677053824,0
2017-08-24,685.056,3,8,225.27487677053824,0
2017-08-25,361.98800000000006,3,8,225.27487677053824,0
2017-08-26,190.6599999999999,3,8,225.27487677053824,0
2017-08-27,6190.537999999997,3,8,225.27487677053824,0
2017-08-28,1443.6320000000003,3,8,225.27487677053824,0
2017-08-29,235.46800000000002,3,8,225.27487677053824,0
2017-08-31,3162.829999999998,3,8,225.27487677053824,0
2017-09-01,1261.81,3,9,222.45115379609544,0
2017-09-02,9354.854000000003,3,9,222.45115379609544,0
2017-09-03,1595.8489999999997,3,9,222.45115379609544,0
2017-09-04,5360.202000000002,3,9,222.45115379609544,0
2017-09-05,327.0439999999999,3,9,222.45115379609544,0
2017-09-07,3848.565000000001,3,9,222.45115379609544,0
2017-09-08,2184.327,3,9,222.45115379609544,0
2017-09-09,4356.061000000003,3,9,222.45115379609544,0
2017-09-10,2506.6459999999997,3,9,222.45115379609544,0
2017-09-11,5564.006000000001,3,9,222.45115379609544,0
2017-09-12,491.54999999999995,3,9,222.45115379609544,0
2017-09-13,15.920000000000003,3,9,222.45115379609544,0
2017-09-14,4367.346999999998,3,9,222.45115379609544,0
2017-09-15,7285.025999999995,3,9,222.45115379609544,0
2017-09-16,849.6500000000001,3,9,222.45115379609544,0
2017-09-17,4979.226000000002,3,9,222.45115379609544,0
2017-09-18,1511.9299999999996,3,9,222.45115379609544,0
2017-09-19,1648.1879999999999,3,9,222.45115379609544,0
2017-09-20,7359.918000000003,3,9,222.45115379609544,0
2017-09-21,338.1720000000002,3,9,222.45115379609544,0
2017-09-22,7871.213000000004,3,9,222.45115379609544,0
2017-09-23,2395.785999999999,3,9,222.45115379609544,0
2017-09-24,6450.462000000003,3,9,222.45115379609544,0
2017-09-25,1412.213,3,9,222.45115379609544,0
2017-09-26,1486.5759999999996,3,9,222.45115379609544,0
2017-09-28,559.2709999999998,3,9,222.45115379609544,0
2017-09-29,1944.0799999999995,3,9,222.45115379609544,0
2017-09-30,540.7600000000001,3,9,222.45115379609544,0
2017-10-01,2978.4660000000003,4,10,244.59460891330892,0
2017-10-02,5418.021999999996,4,10,244.59460891330892,0
2017-10-03,2504.4800000000005,4,10,244.59460891330892,0
2017-10-04,19.98,4,10,244.59460891330892,0
2017-10-05,6684.616000000001,4,10,244.59460891330892,0
2017-10-06,1499.6520000000005,4,10,244.59460891330892,0
2017-10-07,2749.209999999999,4,10,244.59460891330892,0
2017-10-08,608.3559999999999,4,10,244.59460891330892,0
2017-10-09,1496.5889999999995,4,10,244.59460891330892,0
2017-10-10,239.35799999999995,4,10,244.59460891330892,0
2017-10-12,5635.3539999999975,4,10,244.59460891330892,0
2017-10-13,8405.801999999996,4,10,244.59460891330892,0
2017-10-14,134.332,4,10,244.59460891330892,0
2017-10-15,1017.94,4,10,244.59460891330892,0
2017-10-16,3473.5970000000016,4,10,244.59460891330892,0
2017-10-17,126.35199999999999,4,10,244.59460891330892,0
2017-10-19,2781.8702000000003,4,10,244.59460891330892,0
2017-10-20,1333.8579999999997,4,10,244.59460891330892,0
2017-10-21,4537.201000000001,4,10,244.59460891330892,0
2017-10-22,15158.877,4,10,244.59460891330892,0
2017-10-23,3352.3940000000002,4,10,244.59460891330892,0
2017-10-24,529.0849999999998,4,10,244.59460891330892,0
2017-10-26,999.868,4,10,244.59460891330892,0
2017-10-27,1086.32,4,10,244.59460891330892,0
2017-10-28,408.72599999999983,4,10,244.59460891330892,0
2017-10-29,46.96,4,10,244.59460891330892,0
2017-10-30,4025.7299999999973,4,10,244.59460891330892,0
2017-10-31,523.9279999999999,4,10,244.59460891330892,0
2017-11-01,2921.4300000000003,4,11,239.60643847722636,1
2017-11-02,6294.385999999997,4,11,239.60643847722636,1
2017-11-03,4536.936999999999,4,11,239.60643847722636,1
2017-11-04,10668.096,4,11,239.60643847722636,1
2017-11-05,2355.064,4,11,239.60643847722636,1
2017-11-06,4288.749999999999,4,11,239.60643847722636,1
2017-11-07,2413.3779999999997,4,11,239.60643847722636,1
2017-11-08,384.10000000000014,4,11,239.60643847722636,1
2017-11-09,4751.492000000004,4,11,239.60643847722636,1
2017-11-10,4007.547999999998,4,11,239.60643847722636,1
2017-11-11,1815.2179999999996,4,11,239.60643847722636,1
2017-11-12,2911.3859999999995,4,11,239.60643847722636,1
2017-11-13,6633.420200000005,4,11,239.60643847722636,1
2017-11-14,834.6579999999999,4,11,239.60643847722636,1
2017-11-15,559.2000000000002,4,11,239.60643847722636,1
2017-11-16,4755.233999999999,4,11,239.60643847722636,1
2017-11-17,13694.882800000003,4,11,239.60643847722636,1
2017-11-18,1469.7560000000008,4,11,239.60643847722636,1
2017-11-19,7397.271999999999,4,11,239.60643847722636,1
2017-11-20,2988.2739999999985,4,11,239.60643847722636,1
2017-11-21,2236.184,4,11,239.60643847722636,1
2017-11-22,35.71200000000001,4,11,239.60643847722636,1
2017-11-23,1153.1090000000002,4,11,239.60643847722636,1
2017-11-24,4959.641,4,11,239.60643847722636,1
2017-11-25,3666.1569999999997,4,11,239.60643847722636,1
2017-11-26,5048.172000000004,4,11,239.60643847722636,1
2017-11-27,1618.2540000000006,4,11,239.60643847722636,1
2017-11-28,6912.944000000004,4,11,239.60643847722636,1
2017-11-29,491.8879999999999,4,11,239.60643847722636,1
2017-11-30,6645.282000000001,4,11,239.60643847722636,1
2017-12-01,5331.177999999998,4,12,231.03231782670454,1
2017-12-02,9951.182000000006,4,12,231.03231782670454,1
2017-12-03,1403.8419999999999,4,12,231.03231782670454,1
2017-12-04,2639.638,4,12,231.03231782670454,1
2017-12-05,1453.1359999999995,4,12,231.03231782670454,1
2017-12-06,10.679999999999996,4,12,231.03231782670454,1
2017-12-07,2916.5140000000006,4,12,231.03231782670454,1
2017-12-08,7643.041,4,12,231.03231782670454,1
2017-12-09,5470.390000000001,4,12,231.03231782670454,1
2017-12-10,3873.5589999999966,4,12,231.03231782670454,1
2017-12-11,2823.9649999999997,4,12,231.03231782670454,1
2017-12-13,580.9359999999999,4,12,231.03231782670454,1
2017-12-14,3897.713999999997,4,12,231.03231782670454,1
2017-12-15,306.88800000000015,4,12,231.03231782670454,1
2017-12-16,858.7020000000002,4,12,231.03231782670454,1
2017-12-17,2027.7580000000007,4,12,231.03231782670454,1
2017-12-18,3645.9109999999996,4,12,231.03231782670454,1
2017-12-19,1895.9260000000006,4,12,231.03231782670454,1
2017-12-20,377.7359999999999,4,12,231.03231782670454,1
2017-12-21,2140.94,4,12,231.03231782670454,1
2017-12-22,7442.021000000004,4,12,231.03231782670454,1
2017-12-23,1926.7759999999996,4,12,231.03231782670454,1
2017-12-24,6233.0540000000055,4,12,231.03231782670454,1
2017-12-25,2698.927000000001,4,12,231.03231782670454,1
2017-12-26,814.594,4,12,231.03231782670454,1
2017-12-27,177.636,4,12,231.03231782670454,1
2017-12-28,1657.3508000000006,4,12,231.03231782670454,1
2017-12-29,2915.5340000000006,4,12,231.03231782670454,1
2017-12-30,713.7900000000002,4,12,231.03231782670454,1
