ds,y,yhat
2014-01-03,16.448000000000004,259.4790108146483
2014-01-04,288.05999999999995,219.00726374617716
2014-01-05,19.536,245.9251286741899
2014-01-06,4407.099999999999,324.3962540316146
2014-01-07,87.158,173.58283192597992
2014-01-09,40.544,208.57360853120556
2014-01-10,54.83,266.9368684412373
2014-01-11,9.940000000000001,233.507925259178
2014-01-13,3553.795,308.78661870184743
2014-01-14,61.95999999999999,165.52996356748736
2014-01-15,149.95,55.98869444558905
2014-01-16,299.96399999999994,253.58199854324317
2014-01-18,64.86400000000002,331.04723484261604
2014-01-19,378.594,346.80871012131524
2014-01-20,2673.869999999999,413.4357109929929
2014-01-21,25.248000000000005,214.46715631199743
2014-01-23,46.02000000000001,280.33940829699577
2014-01-26,1097.2499999999998,330.4050449894038
2014-01-27,426.6700000000001,480.8916715532233
2014-01-28,3.9279999999999995,320.5295435865198
2014-01-30,240.50000000000009,491.93331097740753
2014-01-31,290.66599999999994,528.5413482207812
2014-02-01,468.90000000000003,288.73453655223915
2014-02-02,211.64600000000007,265.0187808717646
2014-02-03,97.11200000000002,339.47420595711105
2014-02-04,134.384,206.78194255041404
2014-02-06,330.51199999999983,277.65138610205145
2014-02-07,180.32000000000005,297.8495112918364
2014-02-08,14.560000000000004,213.939256922985
2014-02-11,2043.3999999999994,159.16010346363979
2014-02-12,129.56799999999998,49.46012155110586
2014-02-14,576.7260000000001,191.2948817381739
2014-02-15,21.360000000000003,152.53259051090123
2014-02-16,9.039999999999997,171.26739781468316
2014-02-17,54.20800000000001,241.67463900558363
2014-02-18,37.784000000000006,138.81797995884182
2014-02-20,95.59,148.37085771548684
2014-02-21,8.850000000000001,160.98157157239996
2014-02-22,19.440000000000005,123.9884716593499
2014-02-23,11.364000000000003,129.61735439665722
2014-02-24,55.672000000000004,173.23135253985515
2014-02-27,19.456000000000003,189.8829191616017
2014-03-01,2203.1510000000003,382.73962228081984
2014-03-02,202.38400000000001,396.8821330011247
2014-03-03,1345.8919999999994,468.68866834191726
2014-03-04,370.4519999999998,247.6620552004236
2014-03-05,705.562,85.7652396154525
2014-03-07,1561.062,570.1730699847731
2014-03-10,741.9560000000001,671.0307204257135
2014-03-11,918.3140000000001,391.81173967126585
2014-03-14,2108.550000000001,844.5311132928282
2014-03-15,370.782,660.9569736516148
2014-03-16,471.9200000000002,644.6815771966185
2014-03-17,3960.358,830.4413542025421
2014-03-18,28106.716000000008,521.3116312275295
2014-03-19,590.7619999999998,203.01586042766922
2014-03-21,4109.815999999999,1051.425899812836
2014-03-22,464.0930000000001,751.7259302468192
2014-03-23,945.0640000000003,677.2696055757278
2014-03-24,65.38,796.4971190889489
2014-03-25,459.1460000000002,439.260235369959
2014-03-26,145.13000000000005,147.79612958856728
2014-03-28,1823.8039999999999,755.2080169720409
2014-03-29,890.8409999999997,671.4136107269132
2014-03-30,1170.3220000000006,799.5795629943049
2014-03-31,1959.5519999999992,1153.5815849016346
2014-04-01,119.888,409.4920302243013
2014-04-02,1458.5580000000002,124.05573754442305
2014-04-03,233.45000000000007,428.078941653613
2014-04-04,475.84399999999994,477.5895373084203
2014-04-05,5295.098,399.7483232541963
2014-04-06,1650.6899999999994,466.2028377528152
2014-04-07,1021.17,665.6819042043854
2014-04-08,1958.7499999999993,386.0783553898958
2014-04-11,1915.2400000000007,604.8282731813551
2014-04-12,1912.1230000000007,537.648559375738
2014-04-13,638.5760000000001,602.5015464575346
2014-04-15,294.72,416.20205989943065
2014-04-16,39.071999999999996,134.54916651185513
2014-04-18,1020.5320000000002,779.6464058196906
2014-04-19,205.47000000000008,712.0891635496187
2014-04-20,1250.4500000000005,761.2239397204678
2014-04-21,845.36,902.9278444513617
2014-04-22,257.752,446.16621875226804
2014-04-23,362.60800000000006,132.81510182713515
2014-04-25,2379.9939999999992,587.5067916296127
2014-04-26,282.5679999999999,467.09004826928737
2014-04-28,2578.476000000001,652.228867671684
2014-04-29,768.844,411.14645562829025
2014-04-30,1048.7399999999998,155.0787958797394
2014-05-02,506.1199999999999,733.1618444487273
2014-05-03,72.63199999999999,494.6180955676852
2014-05-04,187.43200000000002,433.4761815284702
2014-05-05,260.977,525.9578239281093
2014-05-06,254.45600000000005,316.6728224395865
2014-05-07,1091.3500000000001,116.96378765820681
2014-05-08,1799.9699999999996,484.6804056099773
2014-05-09,394.4799999999999,557.7261155777638
2014-05-10,2343.799,414.6264338903023
2014-05-11,1642.802,418.5977496219733
2014-05-12,734.846,571.9482451241959
2014-05-13,898.3820000000001,356.071823093214
2014-05-14,310.8800000000001,124.75394797043839
2014-05-16,289.27999999999986,549.8864797043127
2014-05-17,91.67999999999998,445.62537764497233
2014-05-18,948.9480000000004,513.7191419770375
2014-05-19,91.62000000000003,776.0589785336758
2014-05-20,320.1039999999999,495.0562107040547
2014-05-21,4264.327999999998,167.53131010177884
2014-05-22,180.93,612.763699740511
2014-05-23,323.758,667.3314939845442
2014-05-24,116.27999999999997,505.25927028153006
2014-05-25,119.53999999999994,519.2191279938587
2014-05-26,1325.7180000000003,682.6408322637599
2014-05-27,2157.3940000000002,400.86253443626026
2014-05-28,221.96799999999996,143.26970962981002
2014-05-30,1924.913,900.9345935657564
2014-05-31,773.6999999999998,812.9213502666944
2014-06-01,5188.519999999999,850.6184464304296
2014-06-02,738.5980000000002,971.6026036604521
2014-06-03,741.3359999999998,468.1125873291936
2014-06-04,456.27200000000005,141.9861854887916
2014-06-06,1374.0010000000007,763.7802132387928
2014-06-07,281.39700000000005,659.4407196390591
2014-06-08,2501.263999999999,669.3379717862372
2014-06-09,5463.007999999999,790.3559778570193
2014-06-10,491.54999999999995,418.90299166475256
2014-06-13,14.52,775.9619902457059
2014-06-14,212.93999999999994,609.4967841403904
2014-06-15,942.9739999999998,579.5155320005258
2014-06-16,763.7920000000004,702.776088218937
2014-06-17,3418.5020000000018,414.923276217143
2014-06-18,139.79999999999995,158.4383577041656
2014-06-20,1828.9496000000006,908.6061161980235
2014-06-21,4107.443000000001,681.8054824527085
2014-06-22,1975.4979999999996,620.8367892073027
2014-06-23,109.49600000000004,719.778716940875
2014-06-24,4.272,392.4801702970283
2014-06-25,792.7600000000002,132.6044279320167
2014-06-27,616.1400000000001,678.4568785658184
2014-06-28,1645.791,590.577290560359
2014-06-29,46.68000000000001,696.7954083271605
2014-06-30,739.6240000000004,1032.6778260952608
2014-07-01,601.0239999999997,551.9734397429962
2014-07-02,79.56000000000002,175.6223921803331
2014-07-04,247.40800000000007,632.1235592838616
2014-07-05,1444.1040000000003,487.0052427997734
2014-07-06,1038.4719999999998,537.7651264988345
2014-07-07,241.19400000000007,763.1157194856025
2014-07-08,763.0740000000001,450.24167094837264
2014-07-09,265.521,143.86516558002526
2014-07-11,2187.206000000001,621.3537935651701
2014-07-12,1960.0119999999997,524.4081042808771
2014-07-13,351.216,583.4304637712122
2014-07-14,292.59399999999994,767.0604192102461
2014-07-15,9.509999999999998,412.97096037005844
2014-07-18,273.0400000000001,678.3519643099875
2014-07-19,461.32599999999985,630.367609855496
2014-07-20,2285.7859999999996,718.2343625526917
2014-07-21,1961.481999999999,913.9814602480731
2014-07-22,1348.3439999999998,470.69784629842115
2014-07-23,2613.1839999999993,141.4071965483516
2014-07-25,8341.289999999997,636.822141727034
2014-07-26,5039.994000000002,523.1009506810225
2014-07-27,580.0599999999997,557.6386824463241
2014-07-28,193.15199999999993,762.0518285843984
2014-07-30,1367.8399999999992,191.5782104489378
2014-08-01,228.32799999999997,1139.6852131989683
2014-08-02,886.28,817.6558812858416
2014-08-03,477.994,716.3180632449707
2014-08-04,2743.1540000000014,829.4287460889109
2014-08-05,2408.7240000000006,477.5957552298209
2014-08-06,262.89,175.81366237061104
2014-08-08,3955.629000000002,884.3795166274774
2014-08-09,3605.685000000002,644.992384671937
2014-08-11,451.61999999999983,774.877533453647
2014-08-12,1832.3799999999994,462.19113698925395
2014-08-15,842.7819999999997,668.3874692469337
2014-08-16,853.0919999999998,495.3020127709138
2014-08-17,500.34199999999987,518.7391439379805
2014-08-19,1439.1060000000002,470.39844421554034
2014-08-20,1838.7219999999995,163.11009605481576
2014-08-22,23.104000000000003,642.6894210674769
2014-08-23,565.224,467.16583597703027
2014-08-24,59.74000000000003,466.0795658495388
2014-08-25,1451.6499999999994,610.2353267939751
2014-08-26,366.8100000000002,361.8368217958856
2014-08-27,2070.13,130.0458339254575
2014-08-29,832.3224999999998,845.2710297847968
2014-08-30,121.24000000000001,823.1634887351875
2014-08-31,92.52000000000004,960.3157980524815
2014-09-01,469.43599999999986,1220.1943171733799
2014-09-02,3254.149999999998,635.0065736295066
2014-09-03,22.08,198.0633746361369
2014-09-05,296.304,1123.068782816761
2014-09-06,100.36000000000003,1064.4741403881953
2014-09-07,3523.875,1212.9519302876588
2014-09-08,14228.42800000001,1568.0916238108512
2014-09-09,4043.5879999999975,866.7559539370152
2014-09-10,1855.2280000000005,297.83795778878334
2014-09-11,127.95000000000003,1299.7719177765005
2014-09-12,4904.660000000002,1753.951960910189
2014-09-13,1275.408,1478.0654714324087
2014-09-14,5023.7159999999985,1464.8288889021844
2014-09-15,133.43599999999998,1752.5030452710503
2014-09-16,33.552,983.060963348946
2014-09-17,820.5229999999999,359.43379895788274
2014-09-19,9338.636999999999,2094.6204276733683
2014-09-20,5335.968000000001,1601.6668820585182
2014-09-21,2679.652000000001,1425.83551094378
2014-09-22,1240.2660000000005,1547.355459858628
2014-09-23,10662.337,777.2007868295323
2014-09-24,211.96000000000006,244.4568966751037
2014-09-25,354.8888000000002,933.4012087365874
2014-09-26,1480.6140000000005,1091.7732710517942
2014-09-27,773.4399999999998,872.5426171984673
2014-09-28,490.29199999999986,946.2256742375894
2014-09-29,8109.070000000006,1330.8142486019112
2014-09-30,987.5320000000002,805.1836867643558
2014-10-01,4.709999999999999,256.68750239587547
2014-10-02,598.1440000000001,870.6678063511318
2014-10-03,862.6829999999998,858.2330732482724
2014-10-04,728.7479999999999,600.0874109784606
2014-10-05,191.89999999999998,609.2953597883957
2014-10-06,494.7099999999998,837.3043882113232
2014-10-07,237.36000000000004,501.7539858742532
2014-10-08,147.39200000000005,163.87907599656938
2014-10-09,249.35999999999996,594.9276418004004
2014-10-10,2049.386000000001,665.4979478202512
2014-10-11,1381.1639999999993,534.9893348645569
2014-10-12,58.53,588.2472302127795
2014-10-13,2212.182,794.7270954749415
2014-10-14,4525.484000000003,441.10503396187363
2014-10-15,206.72399999999993,136.76879220545612
2014-10-16,194.32200000000006,515.6403753125571
2014-10-17,136.06799999999996,646.7881542600525
2014-10-18,3134.9159999999983,587.0531533102194
2014-10-19,641.104,685.452731481776
2014-10-20,1501.1039999999994,912.820292769476
2014-10-21,1356.602,481.39946004121174
2014-10-22,223.80800000000008,141.91250814237875
2014-10-24,56.49,581.5509109820337
2014-10-25,103.882,462.66561311929075
2014-10-26,447.8800000000001,479.5074677325243
2014-10-27,22.32,628.5497208169681
2014-10-28,1510.5819999999994,380.97149021834775
2014-10-29,2813.8120000000013,144.38188303257726
2014-10-31,5362.026,834.4024724824131
2014-11-01,4732.08,2345.7000817143166
2014-11-02,2126.3700000000003,2042.617262364141
2014-11-03,2784.1630000000005,2233.971579206588
2014-11-04,6693.748,1198.4984958662105
2014-11-05,1694.5639999999999,426.2927881610731
2014-11-06,43.68,1845.2517085544048
2014-11-07,1449.1419999999998,2278.6962033841614
2014-11-08,333.57600000000014,1708.5880908494444
2014-11-09,1574.0939999999994,1594.085956340699
2014-11-10,2002.556,1951.6466204320884
2014-11-11,8114.5479999999925,1146.13054222476
2014-11-12,1054.7612000000001,410.12385770199467
2014-11-14,1034.7299999999998,1843.4638193834005
2014-11-15,1780.8220000000006,1344.4053140588785
2014-11-16,1355.9285,1343.1164351864315
2014-11-17,11544.27399999999,1850.9082711355197
2014-11-18,3406.8549999999977,1189.4912085275707
2014-11-19,7226.085999999997,433.3191689797848
2014-11-20,907.56,1669.1089837072786
2014-11-21,1249.6219999999998,1784.7199548763567
2014-11-22,1103.2980000000005,1248.437109013449
2014-11-23,1363.2800000000007,1177.547096595123
2014-11-24,5578.605999999998,1467.6534041554578
2014-11-25,4415.695000000002,835.5636395286774
2014-11-26,1705.9900000000002,285.9483009301565
2014-11-27,203.6599999999999,1192.6126527955628
2014-11-28,2280.8299999999995,3596.9237451383187
2014-11-29,649.0440000000002,2318.0605351627737
2014-11-30,219.1540000000001,1713.1238513620249
2014-12-01,5624.39,2136.941253992143
2014-12-02,1771.8080000000004,1086.9810761202573
2014-12-03,505.8800000000001,313.5490477276626
2014-12-04,129.97999999999996,1138.2534690531838
2014-12-05,2963.6420000000007,1414.7114617179245
2014-12-06,1970.9780000000005,1264.0120824858845
2014-12-07,548.3999999999999,1421.8158458583944
2014-12-08,1095.12,1824.6840187176795
2014-12-09,1522.6520000000005,968.7225411420046
2014-12-10,573.336,309.0790537309066
2014-12-12,4938.404499999998,1642.6631024064582
2014-12-13,293.152,1401.9209123954747
2014-12-14,7641.658000000001,1419.0995646174201
2014-12-15,1264.4660000000001,1681.435237275
2014-12-16,4394.187000000003,900.4833968234423
2014-12-17,45.534000000000006,313.4929710319585
2014-12-19,3436.7599999999993,1898.71512600161
2014-12-20,6962.439999999995,1561.2938709697924
2014-12-21,1933.4399999999994,1470.3273084967173
2014-12-22,798.9680000000003,1624.994932758679
2014-12-23,942.1079999999997,810.8995973596104
2014-12-24,1950.2020000000005,254.35484674661552
2014-12-26,2041.414,926.4366764420533
2014-12-27,2966.3879999999986,943.1135774432903
2014-12-28,3732.2959999999985,1016.4681172510748
2014-12-29,2072.095999999999,1441.2434509136565
2014-12-30,2172.6510000000003,914.0873013568544
2014-12-31,5253.269999999996,319.97485075166225
2015-01-02,1932.0959999999998,854.165182471595
2015-01-03,1768.2216000000008,309.71298325587486
2015-01-04,264.46,299.88082913259166
2015-01-05,295.2719999999999,405.606783068451
2015-01-06,31.538000000000004,251.40046415290357
2015-01-09,364.07000000000016,366.80343926507345
2015-01-10,1018.1039999999999,287.040684750609
2015-01-12,854.6139999999997,440.3222411515512
2015-01-13,622.2780000000001,260.2279892311551
2015-01-17,350.3840000000001,354.95339577411403
2015-01-19,301.742,631.9196352750452
2015-01-23,43.660000000000004,480.6124854532545
2015-01-24,13.12,390.0048571508952
2015-01-26,182.72000000000006,559.6802960258066
2015-01-27,3573.2519999999986,340.8923818397092
2015-01-28,4297.644000000002,129.34764004728578
2015-01-30,2161.6400000000003,820.56470574239
2015-01-31,99.26000000000005,660.7054744405724
2015-02-03,492.83599999999996,262.5569338398049
2015-02-06,2432.543999999999,471.24357268897614
2015-02-07,324.11,359.23435780457254
2015-02-08,129.09199999999996,327.06714129716556
2015-02-09,785.5520000000001,374.93229421299867
2015-02-10,77.24000000000002,204.72311504422754
2015-02-14,1079.9619999999995,225.3678319777226
2015-02-15,1602.3799999999997,209.82051813911707
2015-02-16,160.42999999999995,268.7341700184603
2015-02-18,105.84399999999995,61.52939229995358
2015-02-20,316.7799999999999,279.8726354752739
2015-02-21,2591.1000000000004,196.3719495968577
2015-02-22,79.36000000000001,182.39312958206233
2015-02-23,37.776,226.32820697073612
2015-02-25,25.869999999999997,45.59179284462003
2015-02-27,1159.2710000000006,269.72935795934654
2015-02-28,551.264,260.0510671593462
2015-03-01,1642.1743999999999,490.7437092598513
2015-03-02,899.5700000000003,717.166975661249
2015-03-05,1969.2670000000005,472.9984955032433
2015-03-06,1555.2439999999995,589.9167514952427
2015-03-07,807.5400000000003,545.0259948215853
2015-03-08,2563.2960000000003,665.8564113871109
2015-03-09,478.008,948.7691044166337
2015-03-10,90.93199999999997,545.3142793209844
2015-03-12,51.016000000000005,731.7655281326554
2015-03-13,1384.8560000000002,973.9260060080484
2015-03-14,707.9,877.2908628894508
2015-03-15,16.776,954.9780693452268
2015-03-16,7230.210000000002,1188.229598785714
2015-03-17,48.84000000000001,635.9982221454956
2015-03-19,5652.939600000002,938.7414793684023
2015-03-20,1548.1939999999997,1306.1908732562893
2015-03-21,1270.3790000000001,1146.0375651025286
2015-03-22,2481.4240000000004,1151.893780117066
2015-03-23,633.3019999999998,1312.8054697524708
2015-03-24,412.9499999999999,651.1665214282677
2015-03-26,4623.37,776.6808552563717
2015-03-27,83.70000000000002,938.6870500062461
2015-03-28,243.34399999999997,763.0149961189143
2015-03-29,1559.0799999999997,821.8973066042633
2015-03-30,571.2240000000002,1169.1143953056853
2015-03-31,200.716,769.0531515723595
2015-04-02,299.2200000000001,728.3632796513447
2015-04-04,1484.598,551.7307528732122
2015-04-05,2974.057999999999,525.0661822486212
2015-04-06,140.00400000000002,703.5579848760764
2015-04-07,907.4359999999998,452.824933096273
2015-04-09,757.9920000000001,691.7514048909197
2015-04-10,169.54199999999992,798.0848326754704
2015-04-11,1328.3460000000005,619.1910952504537
2015-04-12,40.739999999999995,664.7957745553853
2015-04-13,3192.677999999998,942.8724546241044
2015-04-14,35.208,581.3728382931755
2015-04-16,4161.972000000001,735.8491167304271
2015-04-17,2745.1059999999998,852.1301642455574
2015-04-18,2006.96,716.2310424972054
2015-04-19,329.9600000000001,838.2801129526001
2015-04-20,1194.7260000000003,1218.9856086756333
2015-04-21,893.0899999999999,716.0511447030584
2015-04-22,152.916,222.24125096164906
2015-04-24,25.98999999999999,818.9481698239465
2015-04-25,920.9459999999997,613.8049692043439
2015-04-26,2090.1055,616.1841770204582
2015-04-27,2719.5899999999992,781.3868663224213
2015-04-28,4044.361999999998,445.4861435262121
2015-04-29,7.968000000000001,157.32560699535816
2015-04-30,1571.695,696.3978060705797
2015-05-01,450.9399999999998,962.708601821629
2015-05-02,167.23200000000003,805.4877249136157
2015-05-03,2198.760000000001,764.385731296466
2015-05-04,1121.3619999999999,825.3962150010952
2015-05-07,305.62200000000007,540.5038569994412
2015-05-08,3981.9680000000026,719.8719975915099
2015-05-09,48.81,600.2367079799205
2015-05-10,154.44200000000006,589.8744550612222
2015-05-11,191.96800000000005,702.9768643214558
2015-05-12,1060.35,392.2839768005275
2015-05-13,238.38400000000001,140.84466216200224
2015-05-14,3141.1995,617.9152769271185
2015-05-15,69.90800000000002,779.8557902389387
2015-05-16,255.96800000000002,604.7659527966753
2015-05-17,134.468,589.2567403401688
2015-05-18,10.86,763.8553942093688
2015-05-20,169.544,192.51663722339947
2015-05-21,72.33199999999998,861.4339398934011
2015-05-22,3862.098000000002,1045.5372550466036
2015-05-23,1304.9560000000006,767.8213440488814
2015-05-24,610.307,710.8837652864261
2015-05-25,1739.4179999999997,858.458267237592
2015-05-26,982.564,485.2671518347167
2015-05-28,794.1459999999998,686.8174135833955
2015-05-29,1204.8420000000006,879.5283649370595
2015-05-30,681.1000000000001,788.3895505568485
2015-05-31,5178.137999999997,941.3587304991395
2015-06-01,834.1980000000002,1365.8891203395603
2015-06-04,1192.31,787.7152499214717
2015-06-05,1533.1979999999996,857.5732613769186
2015-06-07,59.76799999999998,788.2119073926535
2015-06-08,1083.1119999999996,1087.318774855221
2015-06-09,797.1159999999999,608.7077509376476
2015-06-11,3373.5640000000003,702.692160789078
2015-06-12,174.476,856.7366774619506
2015-06-13,1128.8979999999995,737.4465646156336
2015-06-14,51.072,802.6281861810907
2015-06-15,734.144,1008.7606278984879
2015-06-16,3443.9039999999995,529.5722414672683
2015-06-18,1883.086999999999,700.3170550629932
2015-06-19,446.34600000000023,961.2200409477774
2015-06-20,829.544,878.6559855082559
2015-06-21,107.97599999999997,945.1337023018473
2015-06-22,2018.952999999999,1133.8553217497908
2015-06-23,836.9580000000002,569.5226115877181
2015-06-25,857.0800000000003,663.2963756772301
2015-06-26,1592.1960000000008,805.1221734753826
2015-06-28,1386.4660000000003,703.4561150168608
2015-06-29,432.9259999999999,977.6600985635912
2015-07-02,1631.9019999999994,925.1704559923318
2015-07-03,823.982,1055.5670407071175
2015-07-04,1138.2879999999996,727.8166001140864
2015-07-05,121.64599999999999,649.5335160799593
2015-07-06,1379.8119999999994,799.2701153613837
2015-07-08,21.119999999999997,181.0536557547596
2015-07-09,1587.1139999999994,749.9701134605832
2015-07-10,43.286,861.1653848024365
2015-07-11,1941.9520000000005,636.7255658478158
2015-07-12,2052.5669999999996,637.096242722708
2015-07-13,2033.256,860.1397287161834
2015-07-14,860.9159999999997,528.211541828983
2015-07-16,3029.3859999999977,690.7255958653766
2015-07-17,448.0819999999999,775.7062478688813
2015-07-18,672.418,617.9042835953544
2015-07-19,2.0249999999999995,700.4476509870767
2015-07-20,2693.168,1041.5429805412696
2015-07-23,208.27200000000008,792.8081750401022
2015-07-24,525.95,856.452323294566
2015-07-25,2395.0239999999994,644.7413062022058
2015-07-26,969.2250000000005,660.1046202530285
2015-07-27,29.969999999999995,866.2907098679874
2015-07-30,443.80200000000013,816.3293291167498
2015-07-31,3712.162,1150.5067855738553
2015-08-01,1011.6960000000001,1123.3174335824153
2015-08-02,1290.4780000000003,1167.6716139747027
2015-08-05,72.64999999999998,195.10577621820443
2015-08-06,494.86920000000003,786.5422020760063
2015-08-07,968.2060000000005,1036.8380454598241
2015-08-08,840.1019999999997,887.0597183815976
2015-08-09,4878.392000000001,889.7430948106016
2015-08-10,851.4739999999998,1035.4451990372493
2015-08-11,196.11200000000008,539.7390851767269
2015-08-13,586.8959999999998,752.6071595714068
2015-08-15,497.59000000000015,721.9349705475865
2015-08-16,3378.9319999999984,671.3641727924443
2015-08-17,381.6400000000001,797.0231371043702
2015-08-21,2827.5199999999995,971.27641969766
2015-08-22,66.63200000000003,725.6499982252692
2015-08-23,1202.2780000000002,661.516676442226
2015-08-24,7194.775,772.4707451327477
2015-08-25,178.52599999999998,427.0455916913022
2015-08-27,639.9740000000002,617.0885102497318
2015-08-28,6491.293000000004,800.8664704784943
2015-08-29,246.49999999999997,725.9614422120426
2015-08-31,2601.796999999999,1400.8635909199477
2015-09-01,2367.5640000000003,893.033986764836
2015-09-03,1874.8979999999997,1104.3882791344715
2015-09-04,1071.2839999999997,1236.6654792110498
2015-09-05,934.1030000000002,1018.1135082816331
2015-09-06,1005.6539999999998,1200.1451939397862
2015-09-07,2922.6670000000004,1814.1594458360626
2015-09-08,89.64,1137.5073854010752
2015-09-10,1415.726,1486.4475124786795
2015-09-11,1962.1299999999999,1822.7510821665135
2015-09-12,707.8239999999998,1595.0971097392812
2015-09-13,3445.772000000002,1824.1079161067032
2015-09-14,3262.420000000002,2442.6173320175276
2015-09-15,2535.8500000000004,1328.1984855429307
2015-09-16,31.120000000000005,415.6184811343613
2015-09-17,11525.006000000008,1623.3018780150146
2015-09-18,3924.3199999999974,2114.842176459437
2015-09-19,500.37999999999994,1909.3959456570499
2015-09-20,1836.0519999999997,2095.2505405156453
2015-09-21,6982.058000000005,2548.40465729612
2015-09-22,1783.5040000000004,1246.834351745461
2015-09-24,4220.594000000003,1244.1730150172295
2015-09-25,3033.7570000000014,1400.3882650055602
2015-09-26,3722.272999999999,1075.1758035550486
2015-09-27,2382.9579999999996,1070.3279251275064
2015-09-28,1058.364,1366.6244165468045
2015-10-01,1158.4139999999995,1268.5541103997589
2015-10-02,1269.2660000000005,1471.8486137891819
2015-10-03,275.21800000000013,1007.9254252917203
2015-10-04,505.57999999999987,848.5731788626794
2015-10-05,851.0920000000002,951.1206369122574
2015-10-08,222.11999999999998,815.9506913186354
2015-10-09,2133.5350000000008,960.1117786916299
2015-10-10,2248.194,702.9819209871339
2015-10-11,1011.8955000000001,671.7370192734554
2015-10-12,2390.7579999999994,865.4713181866506
2015-10-13,371.6599999999999,526.0314088096663
2015-10-15,3219.5539999999996,729.7604256176019
2015-10-16,824.9700000000003,814.4499330892644
2015-10-17,77.87999999999997,617.4708855259956
2015-10-18,378.49399999999986,660.1363317660987
2015-10-19,2135.0899999999997,958.0176070174625
2015-10-20,720.086,616.9333779803233
2015-10-22,15.127999999999998,797.8273801058119
2015-10-23,2262.2960000000003,844.6397062395662
2015-10-24,831.1449999999999,605.6352641804522
2015-10-25,1425.4119999999998,591.1664449747179
2015-10-26,1395.3329999999999,750.9828892564999
2015-10-28,104.51,147.1378140726937
2015-10-29,244.24,626.1874884672669
2015-10-30,2122.0440000000003,851.6372293934973
2015-10-31,3211.008999999999,775.1845154297287
2015-11-01,3106.105999999998,3170.3534217470037
2015-11-02,5528.550999999996,3772.3499651822603
2015-11-03,2800.8460000000005,1811.5095009158624
2015-11-05,834.8739999999999,1955.8242648090998
2015-11-06,11.481000000000002,2491.2154612123595
2015-11-07,3073.0729999999976,2174.5566593729354
2015-11-08,12196.99699999999,2287.9597288417935
2015-11-09,4620.292,2741.6435421740753
2015-11-10,3536.903999999999,1412.0061224681742
2015-11-11,542.1780000000001,455.0424723544743
2015-11-12,1127.9919999999997,1871.949432927604
2015-11-13,3591.077200000001,2401.089208513212
2015-11-14,2512.71,1939.0015552669258
2015-11-15,702.1699999999998,1857.0704041530953
2015-11-16,4072.334000000003,2165.8882155162323
2015-11-17,3885.985999999999,1195.0108312958914
2015-11-19,1040.7840000000006,1953.0050177641997
2015-11-20,2861.149999999999,2550.7228844849537
2015-11-21,3613.5747999999994,1983.4440425137861
2015-11-22,614.4989999999998,1808.5617939694598
2015-11-23,3450.1879999999974,2023.4766452105446
2015-11-24,1218.7639999999997,1054.0923298828031
2015-11-25,13.12,345.8119578196245
2015-11-26,1484.0820000000003,1380.54975178695
2015-11-27,3109.7835000000014,3814.371772437877
2015-11-28,1864.4820000000004,2229.588256862994
2015-11-29,2760.1680000000006,1629.7772177201232
2015-11-30,1798.3970000000004,2417.1880094212947
2015-12-01,7130.594000000001,1487.342803445591
2015-12-03,1972.6450000000004,1805.5877401380053
2015-12-04,5185.8139999999985,1868.051958043582
2015-12-05,897.3220000000002,1367.51315589489
2015-12-06,6061.501999999997,1448.5908282763721
2015-12-07,1338.2980000000005,2068.775607914848
2015-12-08,2672.7280000000005,1284.2247911979155
2015-12-09,34.02000000000001,433.58510660628116
2015-12-10,3080.3799999999987,1611.511622202721
2015-12-11,1590.8940000000002,1842.2501925892673
2015-12-12,1448.8540000000005,1507.2900414042956
2015-12-13,1023.3859999999995,1678.7880599603036
2015-12-14,858.3040000000001,2287.1089270335965
2015-12-15,5494.795999999997,1275.9841210203087
2015-12-16,4.98,397.13876598739887
2015-12-17,1918.4920000000002,1487.2411082224664
2015-12-18,935.2880000000002,1852.5918131000692
2015-12-19,6120.6560000000045,1665.1695585132127
2015-12-20,1107.4639999999997,1919.4479597414345
2015-12-21,3257.760000000002,2517.040151263687
2015-12-22,473.3129999999999,1305.475673519673
2015-12-23,194.31999999999996,378.7610132023823
2015-12-24,7484.566000000004,1321.5072837843784
2015-12-25,4204.967999999996,4272.455008228433
2015-12-26,561.4860000000002,912.1694087788428
2015-12-27,5148.447199999999,1171.9834643442418
2015-12-28,79.2,1503.5536209128013
2015-12-29,6.359999999999999,893.5164084611114
2015-12-30,3251.3399999999997,333.0726678280525
2015-12-31,1381.3439999999998,1480.2912388094358
2016-01-02,405.9199999999998,989.6992879366211
2016-01-03,2095.83,456.168566032367
2016-01-04,1069.22,496.22126044744596
2016-01-05,255.90400000000005,265.40946167185723
2016-01-07,83.57599999999996,412.9050867460744
2016-01-08,1859.158,515.9672222524946
2016-01-09,743.0460000000002,392.9986516966288
2016-01-10,174.75,374.3717167197224
2016-01-11,149.44399999999993,470.42352953581707
2016-01-14,405.3439999999998,438.47248371204694
2016-01-15,701.923,513.7880219355452
2016-01-16,102.21800000000002,391.7940708661631
2016-01-17,1040.5500000000002,410.48585242012916
2016-01-21,1167.056,622.9404402792732
2016-01-22,917.6299999999999,698.8605031576717
2016-01-23,1732.2999999999993,511.3914206686321
2016-01-24,31.359999999999992,502.9876709281546
2016-01-25,858.712,651.0691453966759
2016-01-28,39.68000000000001,572.3537350887221
2016-01-30,3107.316000000001,724.5662910517476
2016-01-31,1601.5539999999999,835.1880296772655
2016-02-01,161.96999999999997,864.5935908866229
2016-02-02,8996.784000000005,431.49926438071384
2016-02-03,866.3999999999997,120.84151892820361
2016-02-04,197.86799999999994,425.9214274060931
2016-02-05,2994.4759999999997,508.8678257176029
2016-02-06,132.22399999999996,434.30896919715997
2016-02-07,762.142,464.5168568942372
2016-02-08,1369.4759999999999,564.74508951039
2016-02-09,121.83,282.8511260544701
2016-02-11,69.93,326.2551364538174
2016-02-12,1366.0399999999995,403.3661078167161
2016-02-13,146.82,325.9275141616363
2016-02-14,837.9209999999997,313.7923119631615
2016-02-15,407.0720000000001,355.7396264125454
2016-02-16,1135.6380000000001,183.099919763892
2016-02-19,392.6599999999999,364.10607990598095
2016-02-20,16.496000000000002,299.23253596871723
2016-02-21,1524.126,284.85441530515675
2016-02-22,983.1700000000002,321.97416429373834
2016-02-23,57.57600000000001,165.73625491815662
2016-02-25,46.72,222.52193676697817
2016-02-27,243.8920000000001,244.6900900385631
2016-02-28,36.480000000000004,286.09684369401475
2016-02-29,111.10400000000004,443.06000625245974
2016-03-01,6285.806000000003,462.30869607999244
2016-03-03,7264.421999999997,716.3296862073933
2016-03-04,315.45000000000005,798.386032283681
2016-03-05,162.34399999999994,596.4787420431154
2016-03-06,811.3030000000002,633.2268361771797
2016-03-07,21.071999999999996,933.8544382286726
2016-03-08,2190.810000000001,627.8913406750682
2016-03-09,635.5999999999999,234.38902854646213
2016-03-10,7879.734000000003,941.8925892050427
2016-03-11,896.0220000000002,1107.533138890034
2016-03-12,1694.6419999999998,905.6810140855944
2016-03-13,8866.882,1022.3787851318378
2016-03-14,669.3679999999998,1465.2211875191554
2016-03-15,2356.8080000000004,876.0245814548102
2016-03-17,2360.3340000000003,1065.9254699986802
2016-03-18,1061.6820000000002,1282.4653300671614
2016-03-19,138.67999999999995,1128.1209778929046
2016-03-20,928.3110000000004,1333.2689400375218
2016-03-21,645.7059999999998,1864.7526833139104
2016-03-22,226.46800000000005,1032.2160725807105
2016-03-24,745.7740000000001,1073.0482620575765
2016-03-25,1346.9700000000003,1187.3423396590913
2016-03-26,682.2460000000002,924.7975427345558
2016-03-27,92.69999999999996,953.0829755525085
2016-03-28,125.29999999999998,1239.9859393783906
2016-03-29,2659.339000000001,738.18401067703
2016-03-30,11.339999999999998,276.5897109495286
2016-03-31,640.7620000000001,1278.467910227148
2016-04-01,2161.479999999999,1076.5243492924483
2016-04-02,1454.9000000000003,879.1782859711005
2016-04-03,441.19800000000015,819.5361577203636
2016-04-04,970.1940000000002,911.397260105011
2016-04-05,1046.3339999999996,479.39715062331
2016-04-06,1294.7499999999995,168.87304644713242
2016-04-07,1970.5740000000008,764.683102430938
2016-04-08,2906.4039999999995,1030.393661551245
2016-04-09,1115.197,845.0227809020143
2016-04-10,950.5939999999996,830.6102817401749
2016-04-12,1542.5300000000004,609.2458966575604
2016-04-13,6.120000000000001,226.6752044157632
2016-04-14,1466.5720000000001,978.7345439079573
2016-04-15,2201.8559999999993,1182.8630610686903
2016-04-16,9335.086000000005,890.4385125262754
2016-04-17,421.0849999999999,875.8898294314515
2016-04-18,2514.5380000000005,1173.0487183811822
2016-04-19,1414.1320000000003,754.9323001943047
2016-04-21,271.616,1180.5330793318115
2016-04-22,1765.4650000000004,1310.4788576826254
2016-04-23,720.3680000000002,908.9652436892943
2016-04-24,1607.0999999999997,823.7909825827701
2016-04-25,108.41999999999999,984.7535641387875
2016-04-26,434.64599999999996,544.2657785867826
2016-04-28,486.6720000000002,723.7494242799032
2016-04-30,142.20799999999994,816.9342585010837
2016-05-01,517.866,962.7622078510093
2016-05-02,1098.136,1289.0251457794216
2016-05-03,1099.0129999999997,675.9676338960895
2016-05-05,2701.2800000000007,654.3486609142813
2016-05-06,236.95999999999998,751.6700148588584
2016-05-07,4835.9760000000015,642.9590809805736
2016-05-08,1340.2440000000006,731.7559373828448
2016-05-09,1283.5120000000004,978.4740400025985
2016-05-10,763.0199999999998,532.0781955578849
2016-05-11,5.9799999999999995,166.8996953238509
2016-05-12,918.8780000000002,656.331976340904
2016-05-14,455.92999999999984,750.3666721388978
2016-05-15,648.912,808.3914749103944
2016-05-16,880.46,1003.7521952332999
2016-05-17,346.92200000000014,540.1063784575568
2016-05-18,122.22,183.9276570641282
2016-05-19,1582.0080000000005,821.3289987370256
2016-05-20,2471.9129999999996,1168.4310464210732
2016-05-21,2718.2140000000013,1051.5006888144337
2016-05-22,1799.1999999999996,1086.2068866085679
2016-05-23,10560.978000000001,1273.2622180764133
2016-05-24,277.75599999999986,649.2642374790428
2016-05-25,1311.9700000000007,205.50420992917563
2016-05-26,1975.3559999999998,813.6696686457306
2016-05-27,5305.078000000001,1003.0321209256539
2016-05-28,2137.324,827.9897195154533
2016-05-29,1063.1849999999997,901.2067421940375
2016-05-30,8090.577999999995,1288.2620140947156
2016-05-31,438.8590000000001,846.8424786241579
2016-06-02,157.84400000000002,1287.6558875079015
2016-06-03,71.08799999999997,1381.034498900202
2016-06-04,2316.5229999999992,937.4960360601532
2016-06-05,659.8199999999997,868.7927297230829
2016-06-06,6026.312000000002,1129.3689029713196
2016-06-07,51.56199999999999,703.6216831757151
2016-06-09,1688.472000000001,1001.9749933449428
2016-06-10,1412.3960000000006,1115.9350219326377
2016-06-11,1623.4160000000004,836.8697616537561
2016-06-12,2962.562999999999,870.1699558380568
2016-06-13,430.4380000000002,1198.6454972115416
2016-06-14,3457.099000000003,720.635145146618
2016-06-15,173.48799999999994,238.28271508981805
2016-06-16,147.27500000000003,878.6789701330893
2016-06-17,3000.9199999999983,1006.4080852857223
2016-06-18,541.9379999999998,841.302635085134
2016-06-19,17.12,984.6922143657906
2016-06-20,1229.5479999999998,1439.7394372244792
2016-06-21,577.1080000000001,854.9490435280013
2016-06-23,2475.0940000000005,949.9488428778695
2016-06-24,5310.952000000001,1037.5555408568562
2016-06-25,893.2659999999996,798.8460490213726
2016-06-26,1919.5999999999995,825.6158999579217
2016-06-27,778.7059999999999,1079.3720430904805
2016-06-28,877.156,635.0711736586404
2016-06-29,191.88000000000005,231.65935374748662
2016-06-30,1352.9499999999996,1055.093860264152
2016-07-01,1724.3759999999993,1289.5156325556864
2016-07-02,772.7860000000001,1107.3952185693988
2016-07-03,847.6999999999997,1075.3984038743442
2016-07-04,1651.3010000000004,1184.1881793078512
2016-07-07,3882.2310000000025,803.4466090862177
2016-07-08,2616.511999999999,1073.7045526978145
2016-07-09,573.2860000000001,894.9562750511466
2016-07-10,895.8949999999999,875.8633082626319
2016-07-12,95.76000000000002,572.2461198683843
2016-07-14,2149.9600000000005,876.5885706903262
2016-07-15,380.1999999999999,1088.6573088409968
2016-07-16,910.1699999999996,830.3663217430951
2016-07-17,2184.880000000001,795.6360853703042
2016-07-18,2891.8579999999993,1014.6229407682234
2016-07-19,1536.4539999999997,635.3303600133045
2016-07-20,89.95000000000002,248.56764796374694
2016-07-21,991.0950000000001,1097.8009303678662
2016-07-22,1368.0479999999995,1318.9091137345852
2016-07-23,654.5870000000001,960.9501718819536
2016-07-24,326.96399999999994,884.6031247907663
2016-07-25,5920.488000000005,1064.371171259925
2016-07-28,2033.3739999999996,851.8853182530836
2016-07-29,819.1540000000003,1093.8124078902479
2016-07-30,1770.7760000000003,983.7509622966098
2016-07-31,2174.1579999999994,1178.6102359454146
2016-08-01,1124.6479999999997,1834.576436682085
2016-08-02,482.58399999999983,1049.5512355037602
2016-08-03,248.81999999999994,314.73030267401964
2016-08-04,497.9100000000001,1060.214319877579
2016-08-05,197.05000000000007,1150.588188009262
2016-08-06,320.3879999999999,931.0682731960097
2016-08-07,179.97000000000008,1043.1201680305498
2016-08-08,1115.2039999999997,1423.297935364432
2016-08-09,661.3539999999999,786.2402238829695
2016-08-11,151.81999999999996,877.093475172346
2016-08-12,3951.960499999998,1048.1538237722023
2016-08-13,731.5239999999997,883.2408259972584
2016-08-14,923.6880000000003,940.4029669527799
2016-08-15,1680.2660000000003,1156.204087721426
2016-08-16,204.54000000000008,594.3018463036499
2016-08-17,15.712,185.68360779951996
2016-08-18,496.11399999999986,757.3976058690683
2016-08-19,448.7919999999999,1025.0220730774238
2016-08-20,14.780000000000003,927.5934315753204
2016-08-21,4798.2919999999995,992.4491614602263
2016-08-22,405.35000000000014,1190.6518099003338
2016-08-23,4187.348,601.6628542157389
2016-08-26,4874.298000000002,900.6139151777045
2016-08-27,767.9109999999998,761.5885722381547
2016-08-28,322.0248,845.5251695470845
2016-08-29,632.1879999999998,1229.6463447379208
2016-08-30,1656.8700000000001,841.2243084080292
2016-08-31,23.968,346.2906433407086
2016-09-01,5766.152000000001,1549.6640407734358
2016-09-02,6792.193,1883.7306588547
2016-09-03,2365.595999999999,1387.024298417439
2016-09-04,4532.041999999996,1322.9291387973294
2016-09-05,5226.348000000002,1738.8016347969606
2016-09-06,1313.536,1128.9663572500006
2016-09-08,4493.9836000000005,1960.0789903510142
2016-09-09,84.99200000000002,2370.8290755715893
2016-09-10,2094.324,1835.4054664883831
2016-09-11,6501.585999999999,1908.2450801704815
2016-09-12,2043.7919999999997,2654.3881402120874
2016-09-13,2374.7299999999996,1665.9081382925347
2016-09-14,1137.3379999999997,583.8140094764741
2016-09-15,2101.182000000001,2208.8643875217153
2016-09-16,425.8859999999998,2461.9166107976
2016-09-17,2043.126,1928.3506965346858
2016-09-18,4751.082000000002,2128.881915229322
2016-09-19,3839.3120000000013,3055.5761516904777
2016-09-20,1232.0040000000004,1841.8002414327555
2016-09-22,615.57,2003.14249899545
2016-09-23,1322.145,2035.3226829615878
2016-09-24,2286.05,1436.2237135357109
2016-09-25,3443.0910000000003,1374.764895458053
2016-09-26,2698.166499999999,1684.8284170088828
2016-09-27,1992.9857999999992,924.9387503273465
2016-09-28,99.13599999999997,310.5389835032348
2016-09-29,1307.7920000000004,1303.2121145445094
2016-09-30,525.8840000000001,1730.8400910677171
2016-10-01,781.4139999999998,1464.5161024049198
2016-10-02,18452.971999999987,1450.7599792417882
2016-10-03,1680.6959999999992,1591.63601003629
2016-10-04,5912.782000000005,741.3448337964278
2016-10-06,830.4,865.3768123310545
2016-10-07,973.7120000000004,1127.5948849383385
2016-10-08,561.5359999999998,960.5347376087519
2016-10-09,546.9199999999998,965.7462516531408
2016-10-10,282.753,1133.4145948768357
2016-10-11,33.064,598.9862904827482
2016-10-13,1650.6179999999993,868.3334481511253
2016-10-14,3335.8879999999995,1109.5372370640075
2016-10-15,1620.1499999999994,872.7477045445746
2016-10-16,142.18200000000004,830.622198671761
2016-10-17,2953.346000000001,1007.2883225522788
2016-10-18,307.92000000000013,594.1850920001375
2016-10-20,946.1739999999998,1023.0512693117623
2016-10-21,7951.591999999997,1282.6493312657217
2016-10-22,188.28000000000003,954.3413029917009
2016-10-23,467.422,859.8642469427689
2016-10-24,1365.4979999999996,984.4318076633713
2016-10-25,783.9600000000002,529.3375025576486
2016-10-27,978.7899999999998,705.6059547506466
2016-10-28,2899.0209999999997,869.2084496786706
2016-10-29,131.15400000000005,742.4916995574666
2016-10-30,159.00200000000004,859.1885780043043
2016-10-31,3750.4990000000025,1248.5768306186283
2016-11-01,453.37400000000014,2814.6218837481283
2016-11-03,3802.7959999999994,2957.740967622199
2016-11-04,3888.817999999999,3045.2494479410298
2016-11-05,4266.898800000003,2305.3645028452547
2016-11-06,773.256,2501.410998168546
2016-11-07,3810.4639999999968,3488.6391996840484
2016-11-08,993.9000000000004,2026.015821095226
2016-11-09,479.97000000000014,639.2420256751712
2016-11-10,4723.477999999999,2304.6452220777555
2016-11-11,4944.2959999999985,2661.6075454048546
2016-11-12,4914.937999999999,2209.87009584096
2016-11-13,2945.137999999999,2416.6345746757693
2016-11-14,2774.0620000000013,3120.5325824815836
2016-11-15,2145.7180000000008,1650.6652307832608
2016-11-16,36.72,507.0369847851555
2016-11-17,142.68400000000003,1959.9657609373853
2016-11-18,3958.932,2549.848754929173
2016-11-19,638.4620000000001,2318.228117758757
2016-11-20,3070.332999999998,2581.9441730117233
2016-11-21,1176.891,3210.8702067653803
2016-11-22,317.04399999999987,1617.222857000928
2016-11-23,100.61599999999996,476.54112249550064
2016-11-24,6394.538000000004,1739.542105128513
2016-11-25,7978.550999999994,4605.370224891748
2016-11-26,8329.743,2578.0605135702076
2016-11-27,1651.2389999999994,1726.5441194072614
2016-11-28,3428.372000000001,2322.6016732550256
2016-11-29,300.5920000000001,1466.1034552454873
2016-11-30,970.1419999999998,572.7746818668986
2016-12-01,7365.455000000001,2468.3563835610394
2016-12-02,4684.616000000001,3013.7708052030566
2016-12-03,5269.8160000000025,2167.811743852736
2016-12-04,944.2860000000003,1911.8702983192175
2016-12-05,5267.0040000000035,2237.411221379399
2016-12-06,3878.276000000001,1308.2314476348638
2016-12-08,4709.095000000001,2136.753409716742
2016-12-09,1855.4829999999993,2583.710514410477
2016-12-10,3459.7099999999996,1936.1293034284533
2016-12-11,6102.2499999999945,1884.6811681634895
2016-12-12,1981.1150000000002,2462.094516232833
2016-12-13,1194.0879999999995,1511.8015135210421
2016-12-14,828.6540000000002,541.4206575579628
2016-12-15,2637.0869999999995,2111.314360698511
2016-12-16,628.5419999999999,2350.6752752968937
2016-12-17,12185.133999999998,1772.2094748824768
2016-12-18,7051.349999999996,1877.3827517430088
2016-12-19,815.1119999999997,2691.173716145164
2016-12-20,134.54000000000002,1708.5550885354107
2016-12-22,1043.1280000000002,2132.127169538122
2016-12-23,6965.857000000002,2212.352746352228
2016-12-24,1938.2600000000002,1553.7556686138546
2016-12-25,10488.054999999991,4273.073929621042
2016-12-26,1829.4179999999992,1456.0923798596937
2016-12-27,959.4899999999997,1031.121950934354
2016-12-29,1277.6799999999996,1446.831093423726
2016-12-30,773.7740000000002,1932.8980181222296
2016-12-31,731.7680000000003,1732.489827844261
2017-01-01,1481.8279999999997,974.1822162967444
2017-01-02,2079.5539999999996,1580.7397845164608
2017-01-03,2070.2720000000004,402.6513641951023
2017-01-06,33.739999999999995,556.5257927297471
2017-01-07,3395.590000000001,490.72496572889844
2017-01-08,892.9799999999998,524.1629817244965
2017-01-09,274.49100000000004,640.779398979093
2017-01-12,848.5199999999996,477.02478779953685
2017-01-13,4619.330000000002,635.4830406153573
2017-01-14,1056.0380000000005,534.634279018628
2017-01-15,2140.280000000001,535.260475591999
2017-01-16,6230.291999999998,654.4206457061973
2017-01-19,2013.7150000000001,685.0681754528052
2017-01-20,767.8380000000002,940.683433242315
2017-01-21,2546.6430000000005,767.6446796479665
2017-01-22,4212.372,732.9463469024793
2017-01-23,450.3340000000002,856.0407473575868
2017-01-24,418.66599999999977,463.2866362037927
2017-01-26,3055.279999999998,645.658459403361
2017-01-27,331.914,810.2866213542137
2017-01-28,1007.5200000000001,691.5105440966289
2017-01-29,294.842,796.1072550427222
2017-01-30,3749.3349999999978,1180.2771730950008
2017-02-02,913.3540000000004,703.8252688322136
2017-02-03,922.3269999999997,705.6817373325072
2017-02-04,32.67,497.07521189921
2017-02-05,2263.0119999999997,503.7896619903119
2017-02-06,904.354,685.0649255140283
2017-02-09,773.764,450.80939342316253
2017-02-10,227.10300000000007,486.1001783462492
2017-02-11,1241.5160000000003,375.3115282281533
2017-02-13,1058.4299999999996,512.3410465163619
2017-02-16,1337.442,296.02311207501384
2017-02-17,2964.8174000000004,360.5765776328338
2017-02-18,287.3259999999999,319.7630478186454
2017-02-19,1314.5900000000006,367.6929044146651
2017-02-20,1150.2900000000004,486.369647601779
2017-02-21,47.90400000000001,256.8033610195398
2017-02-23,117.80000000000001,279.48914962961936
2017-02-24,1448.6759999999995,330.8370515249332
2017-02-25,430.4919999999998,274.024315028159
2017-02-26,2847.6459999999997,298.4799799342489
2017-02-28,17.620000000000005,268.3354345213507
2017-03-02,1450.1260000000002,804.4437761645968
2017-03-03,2000.1040000000005,1112.7388857436574
2017-03-04,228.82199999999992,902.9797319940258
2017-03-05,1240.0199999999995,857.6349900066161
2017-03-06,778.2360000000001,1023.7202506041622
2017-03-07,166.58999999999997,598.6920803657265
2017-03-08,843.1000000000001,231.48880897893616
2017-03-09,710.8040000000003,1088.9044445062268
2017-03-10,1252.9520000000007,1453.2489587682426
2017-03-11,1973.7079999999996,1171.7068028532356
2017-03-12,353.2799999999999,1168.9962814713924
2017-03-13,4791.349999999998,1521.1517285678779
2017-03-14,49.616,943.1732311016491
2017-03-16,2014.3809999999999,1475.7220562191424
2017-03-17,542.746,1715.5399956529834
2017-03-18,1027.758,1286.616599361412
2017-03-19,2166.248,1314.1033500362337
2017-03-20,899.5679999999999,1841.4980634620056
2017-03-21,3332.6359999999972,1197.7552731761923
2017-03-23,14816.067999999988,1702.3265260440978
2017-03-24,1257.2979999999998,1824.454056900978
2017-03-25,3567.0260000000026,1277.0627480817504
2017-03-26,3252.8800000000006,1204.237203779987
2017-03-27,2933.5159999999996,1500.2487442052416
2017-03-28,1504.7019999999998,854.1541658209542
2017-03-29,81.4,292.6396372626861
2017-03-30,656.407,1223.6206733639333
2017-03-31,4981.010800000004,1647.5305602484839
2017-04-01,5972.988000000005,948.787913275897
2017-04-02,822.9699999999998,1106.2910135881978
2017-04-03,32.528,1447.6091060052458
2017-04-04,808.4700000000001,746.2782092794512
2017-04-06,114.42000000000002,807.9786843042114
2017-04-07,1971.2904999999996,1023.6817012466761
2017-04-08,6401.9299999999985,933.3398182505742
2017-04-09,1626.7099999999998,1072.1701575624447
2017-04-10,755.5289999999999,1405.6132894328837
2017-04-11,319.8059999999998,762.043669068622
2017-04-12,69.65999999999998,248.03530399094893
2017-04-13,1345.8239999999998,1027.9489929443712
2017-04-14,652.9299999999997,1369.534969109043
2017-04-15,332.3379999999999,1188.119546650348
2017-04-16,944.429,1220.2251488474635
2017-04-17,3431.459000000001,1463.8818074283843
2017-04-20,2033.2399999999998,1249.6882859563348
2017-04-21,1254.5640000000005,1701.3187604484654
2017-04-22,947.6920000000002,1402.6302014088983
2017-04-23,1199.2220000000004,1322.6143442339492
2017-04-24,928.5580000000004,1462.2149493733282
2017-04-25,678.1129999999998,729.4098593199313
2017-04-26,61.60799999999999,228.61153790782203
2017-04-27,576.5755999999999,885.1313047079548
2017-04-28,795.2960000000002,1055.2542071019598
2017-04-29,1053.26,848.8971161479992
2017-04-30,1390.1260000000009,917.1314027592837
2017-05-01,4108.370000000001,1332.4234004222872
2017-05-02,399.1099999999999,849.7122920940014
2017-05-03,1386.3459999999998,299.56376371366787
2017-05-04,1389.4050000000007,1103.2953518133738
2017-05-05,185.12300000000005,1127.8299106547784
2017-05-06,3183.3697999999995,775.4667033337599
2017-05-07,2549.468,761.1016685685302
2017-05-08,3658.5539999999983,1043.888434155949
2017-05-09,1078.2219999999998,657.4465999508905
2017-05-11,449.4689999999999,886.6997239722676
2017-05-12,970.3839999999999,1001.9192034812498
2017-05-13,3066.377999999998,794.5849344062408
2017-05-14,4182.062000000002,877.9524763280183
2017-05-15,421.264,1242.6244601485355
2017-05-16,221.02400000000006,739.8228408427294
2017-05-18,1830.5079999999998,913.0194691737315
2017-05-19,4919.181999999997,1116.6465245685433
2017-05-20,2997.5780000000013,1003.2073973944624
2017-05-21,538.0199999999998,1215.2789597923347
2017-05-22,336.56199999999995,1746.2532989149313
2017-05-23,241.43599999999998,994.0993041404804
2017-05-25,886.0259999999996,1091.255397598669
2017-05-26,270.24000000000007,1236.9897804998973
2017-05-27,2084.9080000000004,983.69238959211
2017-05-28,1480.103,1030.708501076544
2017-05-29,691.1080000000001,1356.7328595929723
2017-05-30,736.8904,812.8721186937056
2017-06-01,5058.361999999997,1414.0418737586642
2017-06-02,135.70600000000005,1909.5554985262754
2017-06-03,2952.035999999999,1534.6288312524662
2017-06-04,279.4139999999999,1400.6029124629358
2017-06-05,491.11200000000014,1518.1546334570328
2017-06-06,31.35,775.7763204876418
2017-06-08,2227.038,1157.5483330391216
2017-06-09,939.1329999999996,1505.5547596351676
2017-06-10,2513.343,1191.9067068992995
2017-06-11,1580.8940000000005,1131.917587934375
2017-06-12,1679.9679999999998,1358.1148055670894
2017-06-13,1156.0179999999996,780.0205070089667
2017-06-15,4057.5100000000034,1193.482681299841
2017-06-16,2724.193999999999,1417.3941107917117
2017-06-17,3896.671999999998,1053.9955826822672
2017-06-18,1031.1555000000003,1029.6802982191418
2017-06-19,2115.941,1377.127790124943
2017-06-20,1028.2280000000003,890.039143442326
2017-06-21,595.6560000000001,342.45892448293296
2017-06-22,579.019,1425.39350602226
2017-06-24,1287.6139999999998,1144.3986406494582
2017-06-25,1508.3519999999994,1064.614251675367
2017-06-26,4224.136000000003,1309.4734483251536
2017-06-27,1644.906,746.1430982054084
2017-06-29,4521.991199999999,1055.8553797058826
2017-06-30,4721.976999999995,1380.1496435272766
2017-07-01,639.83,1109.2260996708449
2017-07-02,169.19199999999995,1315.310304661314
2017-07-03,6963.404000000002,1803.3651760010348
2017-07-05,476.3540000000001,279.2463617304527
2017-07-06,380.37799999999993,962.6869181592215
2017-07-07,1620.25,1115.4487834442455
2017-07-08,1980.2639999999994,958.5562566454066
2017-07-09,1671.2140000000004,1091.4578019279754
2017-07-10,359.21399999999994,1454.5414210864435
2017-07-11,1728.892,785.8743268715735
2017-07-12,3.8160000000000003,244.42921152368316
2017-07-13,504.542,948.1100543577891
2017-07-14,3598.9339999999984,1209.1149186115001
2017-07-15,2132.2290000000007,1051.794641304626
2017-07-16,316.6359999999999,1114.494375653343
2017-07-17,2191.8730000000005,1360.7119808045252
2017-07-18,2106.794000000001,720.3915239848781
2017-07-20,2283.207999999999,1063.042661057511
2017-07-21,3685.9439999999972,1493.2006331029038
2017-07-22,556.3140000000002,1329.535352797874
2017-07-23,898.1879999999996,1361.7451370537412
2017-07-24,2399.959999999999,1586.16903201805
2017-07-25,798.7419999999996,805.6200884947918
2017-07-26,2012.3019999999997,254.63524297274472
2017-07-27,1142.6799999999996,1007.2941917171413
2017-07-28,1170.564,1243.3268143979426
2017-07-29,1391.2940000000003,1028.9556922229979
2017-07-30,523.3759999999999,1123.5235293413355
2017-07-31,1558.028,1611.4976211987712
2017-08-01,2085.6500000000005,1146.8320776834719
2017-08-03,531.3479999999998,1734.5286952633978
2017-08-04,20.069999999999997,1859.3365491647637
2017-08-05,503.67600000000016,1259.0498794570483
2017-08-06,1424.0260000000003,1161.0581384488573
2017-08-07,3479.6240000000003,1497.9003628770693
2017-08-10,1823.0700000000006,1278.878345226984
2017-08-11,708.7259999999999,1399.3600900664255
2017-08-12,3693.0840000000017,1029.1298783050936
2017-08-13,2643.1640000000007,1047.821873503247
2017-08-14,440.7360000000002,1412.084832153215
2017-08-15,1949.8720000000003,830.522059458283
2017-08-16,80.56400000000002,268.8697101057126
2017-08-17,9517.287999999999,971.395186360656
2017-08-18,7078.484000000005,1092.8147380236646
2017-08-19,512.4460000000003,900.0033969455537
2017-08-20,692.95,1041.7167219971907
2017-08-21,8551.053999999996,1513.0844615126914
2017-08-22,524.54,897.2970043890815
2017-08-23,4590.343999999997,284.3312554018898
2017-08-24,685.056,1012.2350418861674
2017-08-25,361.98800000000006,1124.9085832859312
2017-08-26,190.6599999999999,887.2732823434864
2017-08-27,6190.537999999997,945.8153125014834
2017-08-28,1443.6320000000003,1283.8285452522755
2017-08-29,235.46800000000002,789.3810201884862
2017-08-31,3162.829999999998,1456.0296616987634
2017-09-01,1261.81,2126.6787405784085
2017-09-02,9354.854000000003,1944.6373513412746
2017-09-03,1595.8489999999997,2015.453644460227
2017-09-04,5360.202000000002,2371.3072894928423
2017-09-05,327.0439999999999,1247.0887013588692
2017-09-07,3848.565000000001,1952.9483157500133
2017-09-08,2184.327,2766.750695173896
2017-09-09,4356.061000000003,2433.2622308772166
2017-09-10,2506.6459999999997,2496.990739751187
2017-09-11,5564.006000000001,3074.1445903356553
2017-09-12,491.54999999999995,1754.8075128332239
2017-09-13,15.920000000000003,639.0480652433291
2017-09-14,4367.346999999998,2790.5016586281345
2017-09-15,7285.025999999995,3481.347699025928
2017-09-16,849.6500000000001,2642.5614383597176
2017-09-17,4979.226000000002,2495.2223707802887
2017-09-18,1511.9299999999996,3105.8165218593626
2017-09-19,1648.1879999999999,1882.5123089955155
2017-09-20,7359.918000000003,707.9438868542346
2017-09-21,338.1720000000002,2972.6058994234727
2017-09-22,7871.213000000004,3380.3287125055886
2017-09-23,2395.785999999999,2319.623798475377
2017-09-24,6450.462000000003,2002.85454036441
2017-09-25,1412.213,2253.9488301777446
2017-09-26,1486.5759999999996,1188.9758564338651
2017-09-28,559.2709999999998,1472.6994274402296
2017-09-29,1944.0799999999995,1773.2445826312292
2017-09-30,540.7600000000001,1501.4636902981445
2017-10-01,2978.4660000000003,1679.7726495593429
2017-10-02,5418.021999999996,2305.4193270068736
2017-10-03,2504.4800000000005,1263.2582564670765
2017-10-04,19.98,365.49320487747644
2017-10-05,6684.616000000001,1196.0768060512928
2017-10-06,1499.6520000000005,1271.0205145356408
2017-10-07,2749.209999999999,1014.807802348244
2017-10-08,608.3559999999999,1129.9956438282352
2017-10-09,1496.5889999999995,1542.9828159329015
2017-10-10,239.35799999999995,858.3872905068548
2017-10-12,5635.3539999999975,986.1216837931912
2017-10-13,8405.801999999996,1202.6489444139308
2017-10-14,134.332,1036.6209926355152
2017-10-15,1017.94,1130.083169526352
2017-10-16,3473.5970000000016,1422.2314506492364
2017-10-17,126.35199999999999,747.3378314981046
2017-10-19,2781.8702000000003,985.6984680878518
2017-10-20,1333.8579999999997,1347.6616214290457
2017-10-21,4537.201000000001,1224.903857033686
2017-10-22,15158.877,1307.3758130611855
2017-10-23,3352.3940000000002,1553.102145477672
2017-10-24,529.0849999999998,771.195959419324
2017-10-26,999.868,872.757145328536
2017-10-27,1086.32,1041.9853380229952
2017-10-28,408.72599999999983,838.0125573213043
2017-10-29,46.96,878.2737504027615
2017-10-30,4025.7299999999973,1197.6424802329786
2017-10-31,523.9279999999999,763.6642512327319
2017-11-01,2921.4300000000003,1100.954148298164
2017-11-02,6294.385999999997,4599.303560898385
2017-11-03,4536.936999999999,5149.876796469912
2017-11-04,10668.096,3487.916281453182
2017-11-05,2355.064,3058.5475353354523
2017-11-06,4288.749999999999,3698.7379124465656
2017-11-07,2413.3779999999997,2214.7943536577473
2017-11-08,384.10000000000014,813.3896244111862
2017-11-09,4751.492000000004,3305.090158144952
2017-11-10,4007.547999999998,3734.8995565797572
2017-11-11,1815.2179999999996,2718.7371877580244
2017-11-12,2911.3859999999995,2676.701672437934
2017-11-13,6633.420200000005,3553.238099188339
2017-11-14,834.6579999999999,2146.0355313842406
2017-11-15,559.2000000000002,730.1274932725348
2017-11-16,4755.233999999999,2704.245583415602
2017-11-17,13694.882800000003,2977.419585799368
2017-11-18,1469.7560000000008,2323.971261397136
2017-11-19,7397.271999999999,2578.235101602519
2017-11-20,2988.2739999999985,3748.596328668698
2017-11-21,2236.184,2306.2825684158847
2017-11-22,35.71200000000001,755.7930747479159
2017-11-23,1153.1090000000002,2665.5829461071908
2017-11-24,4959.641,6334.79515218607
2017-11-25,3666.1569999999997,3244.7095507771182
2017-11-26,5048.172000000004,2082.4735918048027
2017-11-27,1618.2540000000006,2682.8014857065477
2017-11-28,6912.944000000004,1551.585047863905
2017-11-29,491.8879999999999,549.7969763046591
2017-11-30,6645.282000000001,2430.8925146466772
2017-12-01,5331.177999999998,3281.247934130605
2017-12-02,9951.182000000006,2961.235942156274
2017-12-03,1403.8419999999999,3082.466395618111
2017-12-04,2639.638,3544.6057374233515
2017-12-05,1453.1359999999995,1726.033078670399
2017-12-06,10.679999999999996,531.7666525852292
2017-12-07,2916.5140000000006,2176.710318857324
2017-12-08,7643.041,2930.1359918327125
2017-12-09,5470.390000000001,2568.2860065289524
2017-12-10,3873.5589999999966,2645.0679135096725
2017-12-11,2823.9649999999997,3165.4264909950143
2017-12-13,580.9359999999999,583.7559706008968
2017-12-14,3897.713999999997,2505.648085551918
2017-12-15,306.88800000000015,3209.066242611346
2017-12-16,858.7020000000002,2521.1196556993696
2017-12-17,2027.7580000000007,2387.5754632676617
2017-12-18,3645.9109999999996,2871.032773314756
2017-12-19,1895.9260000000006,1675.268730596524
2017-12-20,377.7359999999999,630.9045631461395
2017-12-21,2140.94,2797.167789206106
2017-12-22,7442.021000000004,3443.2593932045347
2017-12-23,1926.7759999999996,2512.311146719047
2017-12-24,6233.0540000000055,2217.105717396112
2017-12-25,2698.927000000001,7150.234721098899
2017-12-26,814.594,1032.1948929993005
2017-12-27,177.636,427.0873615992183
2017-12-28,1657.3508000000006,1670.4093243382827
2017-12-29,2915.5340000000006,2017.2753775134051
2017-12-30,713.7900000000002,1692.4714074146425
